SOC,OCV-SOC电压,0.5C放电电压,0.04C放电电压,0.5P放电电压
0.0,3.025,2.5,2.5,2.5
0.1,3.03025,2.525,2.5873,2.5213
0.2,3.0355,2.5483,2.6417,2.5414
0.3,3.04075,2.5699,2.6816,2.5607
0.4,3.046,2.5908,2.7121,2.582
0.5,3.05125,2.6103,2.7379,2.5999
0.6,3.0564999999999998,2.6291,2.7604,2.6171
0.7000000000000001,3.06175,2.6468,2.7806,2.6363
0.8,3.0669999999999997,2.664,2.799,2.6525
0.8999999999999999,3.07225,2.68,2.816,2.668
1.0,3.0774999999999997,2.6956,2.8317,2.6853
1.0999999999999999,3.08275,2.7107,2.8462,2.6999
1.2,3.088,2.7251,2.8599,2.714
1.3,3.09325,2.7388,2.8729,2.7295
1.4000000000000001,3.0985,2.752,2.885,2.7427
1.5,3.10375,2.7646,2.8966,2.7555
1.6,3.109,2.7767,2.9077,2.7695
1.7000000000000002,3.1142499999999997,2.7883,2.9182,2.7814
1.7999999999999998,3.1195,2.7995,2.9281,2.7929
1.9,3.1247499999999997,2.8104,2.9375,2.8056
2.0,3.13,2.8208,2.9467,2.8163
2.1,3.133,2.8308,2.9556,2.8267
2.1999999999999997,3.1359999999999997,2.8406,2.9642,2.8381
2.3,3.139,2.8498,2.9723,2.8476
2.4,3.142,2.8587,2.9802,2.857
2.5,3.145,2.8673,2.9879,2.8669
2.6,3.148,2.8756,2.9953,2.8755
2.7,3.151,2.8835,3.0025,2.8839
2.8000000000000003,3.154,2.8914,3.0095,2.893
2.9000000000000004,3.157,2.8989,3.0162,2.9006
3.0,3.16,2.9061,3.0227,2.9081
3.1,3.163,2.9131,3.0292,2.9161
3.2,3.166,2.9196,3.0353,2.9231
3.3000000000000003,3.169,2.9263,3.0415,2.9296
3.4000000000000004,3.172,2.9323,3.0473,2.9368
3.5000000000000004,3.175,2.9384,3.0531,2.9429
3.5999999999999996,3.178,2.9442,3.0585,2.9488
3.6999999999999997,3.181,2.9498,3.0639,2.9545
3.8,3.1839999999999997,2.9553,3.0692,2.9606
3.9,3.187,2.9605,3.0745,2.9658
4.0,3.19,2.9656,3.0794,2.9709
4.1000000000000005,3.1906,2.9705,3.0843,2.9764
4.2,3.1912,2.9753,3.0892,2.981
4.3,3.1917999999999997,2.9797,3.094,2.9856
4.3999999999999995,3.1924,2.9842,3.0985,2.9903
4.5,3.193,2.9885,3.1029,2.9946
4.6,3.1936,2.9925,3.1073,2.9986
4.7,3.1942,2.9965,3.1117,3.0029
4.8,3.1948,3.0004,3.1159,3.0066
4.9,3.1954,3.0041,3.1198,3.0101
5.0,3.1959999999999997,3.0078,3.1238,3.014
5.1,3.1966,3.0113,3.1278,3.0173
5.2,3.1972,3.0146,3.1315,3.0206
5.3,3.1978,3.0178,3.1352,3.024
5.4,3.1984,3.0209,3.1387,3.0269
5.5,3.199,3.0239,3.1421,3.0299
5.6000000000000005,3.1995999999999998,3.0269,3.1454,3.033
5.7,3.2002,3.0295,3.1484,3.0356
5.800000000000001,3.2008,3.0323,3.1512,3.0382
5.8999999999999995,3.2014,3.0348,3.1538,3.041
6.0,3.202,3.0374,3.1561,3.0434
6.1,3.20215,3.0397,3.1582,3.0456
6.2,3.2023,3.0422,3.16,3.0483
6.3,3.20245,3.0443,3.1617,3.0504
6.4,3.2026,3.0466,3.1631,3.0524
6.5,3.20275,3.0487,3.1644,3.0546
6.6000000000000005,3.2029,3.0506,3.1654,3.0567
6.7,3.20305,3.0525,3.1665,3.0585
6.800000000000001,3.2032,3.0543,3.1672,3.0606
6.9,3.20335,3.0562,3.1679,3.0623
7.000000000000001,3.2035,3.058,3.1688,3.0641
7.1,3.20365,3.0597,3.1693,3.0659
7.199999999999999,3.2038,3.0613,3.17,3.0675
7.3,3.20395,3.0627,3.1705,3.0691
7.3999999999999995,3.2041,3.0641,3.171,3.0707
7.5,3.20425,3.0657,3.1714,3.0723
7.6,3.2044,3.0671,3.1719,3.0737
7.7,3.2045500000000002,3.0683,3.1723,3.075
7.8,3.2047,3.0697,3.1728,3.0766
7.9,3.20485,3.0708,3.173,3.0779
8.0,3.205,3.072,3.1733,3.0791
8.1,3.2051,3.0732,3.1737,3.0806
8.200000000000001,3.2052,3.0743,3.174,3.0818
8.3,3.2053000000000003,3.0754,3.1742,3.083
8.4,3.2054,3.0764,3.1744,3.0845
8.5,3.2055,3.0773,3.1747,3.0855
8.6,3.2056,3.0782,3.1751,3.0868
8.7,3.2056999999999998,3.0792,3.1754,3.088
8.799999999999999,3.2058,3.0801,3.1756,3.0892
8.9,3.2059,3.081,3.1758,3.0902
9.0,3.206,3.0818,3.1761,3.0915
9.1,3.2060999999999997,3.0826,3.1763,3.0925
9.2,3.2062,3.0834,3.1765,3.0936
9.3,3.2063,3.0843,3.1767,3.0948
9.4,3.2064,3.085,3.1768,3.096
9.5,3.2065,3.0857,3.177,3.097
9.6,3.2066,3.0864,3.1772,3.0982
9.700000000000001,3.2067,3.0871,3.1774,3.0993
9.8,3.2068,3.0876,3.1775,3.1003
9.9,3.2069,3.0883,3.1779,3.1016
10.0,3.207,3.089,3.1779,3.1025
10.100000000000001,3.20754,3.0896,3.1781,3.1037
10.2,3.20808,3.0901,3.1782,3.1049
10.299999999999999,3.20862,3.0908,3.1784,3.106
10.4,3.20916,3.0913,3.1786,3.1069
10.5,3.2096999999999998,3.092,3.1786,3.1083
10.6,3.2102399999999998,3.0926,3.1789,3.1091
10.7,3.2107799999999997,3.0931,3.1791,3.1103
10.8,3.2113199999999997,3.0936,3.1791,3.1114
10.9,3.2118599999999997,3.0941,3.1793,3.1125
11.0,3.2123999999999997,3.0947,3.1795,3.1135
11.1,3.2129399999999997,3.0952,3.1796,3.1144
11.200000000000001,3.2134799999999997,3.0957,3.1798,3.1156
11.3,3.21402,3.0962,3.18,3.1166
11.4,3.21456,3.0966,3.1802,3.1175
11.5,3.2151,3.0971,3.1803,3.1186
11.600000000000001,3.21564,3.0977,3.1805,3.1195
11.700000000000001,3.21618,3.0982,3.1807,3.1205
11.799999999999999,3.21672,3.0985,3.1809,3.1214
11.899999999999999,3.21726,3.0991,3.181,3.1224
12.0,3.2178,3.0996,3.1814,3.1233
12.1,3.21834,3.1001,3.1816,3.1243
12.2,3.21888,3.1005,3.1819,3.125
12.3,3.21942,3.101,3.1821,3.1258
12.4,3.21996,3.1013,3.1824,3.1268
12.5,3.2205,3.1019,3.1828,3.1276
12.6,3.22104,3.1022,3.1833,3.1282
12.7,3.22158,3.1027,3.1839,3.1292
12.8,3.22212,3.1031,3.1844,3.13
12.9,3.22266,3.1036,3.1849,3.1307
13.0,3.2232,3.104,3.1856,3.1316
13.100000000000001,3.22374,3.1045,3.1863,3.1324
13.200000000000001,3.22428,3.105,3.1872,3.1331
13.3,3.22482,3.1054,3.1879,3.1338
13.4,3.22536,3.1059,3.1886,3.1345
13.5,3.2258999999999998,3.1064,3.1895,3.1352
13.600000000000001,3.2264399999999998,3.1068,3.1905,3.136
13.700000000000001,3.2269799999999997,3.1073,3.1912,3.1367
13.8,3.22752,3.1078,3.1919,3.1373
13.900000000000002,3.22806,3.1082,3.1926,3.1381
14.000000000000002,3.2286,3.1087,3.1935,3.1389
14.099999999999998,3.22914,3.1092,3.194,3.1395
14.2,3.22968,3.1098,3.1949,3.1402
14.299999999999999,3.23022,3.1103,3.1956,3.1407
14.399999999999999,3.23076,3.1108,3.1961,3.1415
14.499999999999998,3.2313,3.1113,3.1968,3.142
14.6,3.23184,3.1119,3.1974,3.1427
14.7,3.23238,3.1124,3.1979,3.1433
14.799999999999999,3.23292,3.1129,3.1986,3.144
14.899999999999999,3.23346,3.1133,3.1991,3.1447
15.0,3.234,3.114,3.1997,3.1454
15.1,3.2344,3.1145,3.2002,3.1459
15.2,3.2348,3.115,3.2007,3.1465
15.299999999999999,3.2352,3.1156,3.2012,3.1472
15.4,3.2356,3.1161,3.2018,3.1478
15.5,3.2359999999999998,3.1166,3.2023,3.1483
15.6,3.2364,3.1171,3.2026,3.1491
15.7,3.2368,3.1175,3.2032,3.1497
15.8,3.2372,3.118,3.2037,3.1503
15.9,3.2376,3.1187,3.204,3.1507
16.0,3.238,3.1192,3.2046,3.1515
16.1,3.2384,3.1198,3.2049,3.1521
16.2,3.2388,3.1203,3.2054,3.1526
16.3,3.2392,3.1208,3.2058,3.1532
16.400000000000002,3.2396,3.1212,3.2063,3.1538
16.5,3.24,3.1219,3.2067,3.1543
16.6,3.2404,3.1224,3.2072,3.1549
16.7,3.2408,3.1229,3.2077,3.1554
16.8,3.2412,3.1233,3.2081,3.156
16.900000000000002,3.2416,3.1238,3.2086,3.1564
17.0,3.242,3.1245,3.2091,3.1571
17.1,3.2424,3.125,3.2095,3.1576
17.2,3.2428,3.1254,3.21,3.1581
17.299999999999997,3.2432,3.1259,3.2105,3.1586
17.4,3.2436,3.1263,3.2109,3.1592
17.5,3.2439999999999998,3.1268,3.2114,3.1596
17.599999999999998,3.2444,3.1273,3.2118,3.1602
17.7,3.2448,3.1277,3.2123,3.1607
17.8,3.2452,3.1282,3.2128,3.1612
17.9,3.2456,3.1287,3.2135,3.1616
18.0,3.246,3.1291,3.2139,3.1621
18.099999999999998,3.2464,3.1296,3.2144,3.1625
18.2,3.2468,3.13,3.2151,3.163
18.3,3.2472,3.1305,3.2155,3.1635
18.4,3.2476,3.1308,3.216,3.1639
18.5,3.248,3.1312,3.2165,3.1643
18.6,3.2484,3.1317,3.217,3.1649
18.7,3.2488,3.1321,3.2176,3.1653
18.8,3.2492,3.1326,3.2181,3.1656
18.9,3.2496,3.1329,3.2186,3.1661
19.0,3.25,3.1333,3.219,3.1665
19.1,3.2504,3.1338,3.2195,3.1668
19.2,3.2508,3.1342,3.22,3.1675
19.3,3.2512,3.1345,3.2204,3.1678
19.400000000000002,3.2516,3.1349,3.2209,3.1682
19.5,3.252,3.1354,3.2214,3.1686
19.6,3.2524,3.1357,3.2218,3.169
19.7,3.2528,3.1361,3.2223,3.1694
19.8,3.2532,3.1364,3.2228,3.1697
19.900000000000002,3.2536,3.137,3.2232,3.1701
20.0,3.254,3.1373,3.2237,3.1706
20.1,3.2543,3.1377,3.2241,3.1709
20.200000000000003,3.2546,3.138,3.2244,3.1713
20.3,3.2549,3.1384,3.2249,3.1717
20.4,3.2552,3.1389,3.2253,3.1722
20.5,3.2555,3.1391,3.2256,3.1725
20.599999999999998,3.2558,3.1394,3.226,3.1728
20.7,3.2561,3.1398,3.2263,3.1732
20.8,3.2564,3.1403,3.2267,3.1735
20.9,3.2567,3.1407,3.227,3.1739
21.0,3.257,3.141,3.2274,3.1743
21.099999999999998,3.2573,3.1414,3.2277,3.1746
21.2,3.2576,3.1417,3.2281,3.1748
21.3,3.2579000000000002,3.1419,3.2286,3.1753
21.4,3.2582,3.1424,3.2288,3.1755
21.5,3.2585,3.1426,3.2291,3.1759
21.6,3.2588,3.1431,3.2295,3.1761
21.7,3.2591,3.1433,3.2297,3.1766
21.8,3.2594,3.1438,3.23,3.1768
21.9,3.2597,3.144,3.2304,3.1772
22.0,3.2600000000000002,3.1443,3.2307,3.1775
22.1,3.2603,3.1447,3.2311,3.178
22.2,3.2606,3.1451,3.2314,3.1781
22.3,3.2609,3.1454,3.2316,3.1786
22.400000000000002,3.2612,3.1456,3.2318,3.1789
22.5,3.2615,3.1459,3.2321,3.1791
22.6,3.2618,3.1463,3.2323,3.1796
22.7,3.2621,3.1466,3.2328,3.1798
22.8,3.2624,3.147,3.233,3.1801
22.900000000000002,3.2627,3.1473,3.2332,3.1804
23.0,3.263,3.1477,3.2335,3.1808
23.1,3.2633,3.148,3.2339,3.1809
23.200000000000003,3.2636000000000003,3.1482,3.2342,3.1813
23.3,3.2639,3.1486,3.2344,3.1817
23.400000000000002,3.2642,3.1489,3.2346,3.1819
23.5,3.2645,3.1493,3.2349,3.1822
23.599999999999998,3.2648,3.1496,3.2353,3.1824
23.7,3.2651,3.15,3.2355,3.1828
23.799999999999997,3.2654,3.1501,3.2358,3.1831
23.9,3.2657000000000003,3.1505,3.236,3.1834
24.0,3.266,3.1507,3.2362,3.1838
24.099999999999998,3.2663,3.151,3.2365,3.184
24.2,3.2666,3.1514,3.2369,3.1844
24.3,3.2669,3.1517,3.2372,3.1845
24.4,3.2672000000000003,3.1519,3.2374,3.1849
24.5,3.2675,3.1522,3.2377,3.1852
24.6,3.2678000000000003,3.1526,3.2381,3.1854
24.7,3.2681,3.1528,3.2383,3.1859
24.8,3.2684,3.1531,3.2386,3.186
24.9,3.2687,3.1535,3.239,3.1863
25.0,3.269,3.1538,3.2393,3.1865
25.1,3.26934,3.154,3.2397,3.1868
25.2,3.26968,3.1542,3.24,3.1872
25.3,3.27002,3.1545,3.2404,3.1874
25.4,3.27036,3.1547,3.2407,3.1878
25.5,3.2707,3.1551,3.2411,3.188
25.6,3.27104,3.1554,3.2414,3.1882
25.7,3.27138,3.1556,3.2418,3.1886
25.8,3.27172,3.1559,3.2421,3.1889
25.900000000000002,3.27206,3.1561,3.2425,3.1891
26.0,3.2724,3.1563,3.2427,3.1893
26.1,3.27274,3.1565,3.243,3.1897
26.200000000000003,3.27308,3.1568,3.2435,3.1898
26.3,3.27342,3.1572,3.2437,3.1902
26.400000000000002,3.2737600000000002,3.1573,3.2442,3.1904
26.5,3.2741000000000002,3.1575,3.2446,3.1907
26.6,3.2744400000000002,3.1577,3.2448,3.191
26.700000000000003,3.2747800000000002,3.1582,3.2453,3.1912
26.8,3.2751200000000003,3.1584,3.2455,3.1914
26.900000000000002,3.2754600000000003,3.1586,3.246,3.1917
27.0,3.2758000000000003,3.1589,3.2462,3.1921
27.1,3.2761400000000003,3.1591,3.2465,3.1922
27.200000000000003,3.2764800000000003,3.1593,3.2469,3.1925
27.3,3.2768200000000003,3.1594,3.2472,3.1928
27.400000000000002,3.2771600000000003,3.1598,3.2476,3.193
27.500000000000004,3.2775000000000003,3.16,3.2479,3.1933
27.6,3.27784,3.1603,3.2481,3.1936
27.700000000000003,3.27818,3.1605,3.2485,3.1939
27.800000000000004,3.27852,3.1607,3.2488,3.1941
27.900000000000002,3.27886,3.1609,3.249,3.1945
28.000000000000004,3.2792,3.161,3.2495,3.1945
28.1,3.27954,3.1614,3.2497,3.1948
28.199999999999996,3.27988,3.1616,3.25,3.1951
28.299999999999997,3.28022,3.1617,3.2504,3.1953
28.4,3.28056,3.1619,3.2506,3.1956
28.499999999999996,3.2809,3.1621,3.2509,3.1958
28.599999999999998,3.28124,3.1624,3.2511,3.1961
28.7,3.28158,3.1626,3.2513,3.1962
28.799999999999997,3.28192,3.1628,3.2516,3.1965
28.9,3.28226,3.1631,3.252,3.1968
28.999999999999996,3.2826,3.1631,3.2521,3.197
29.099999999999998,3.28294,3.1635,3.2525,3.1973
29.2,3.28328,3.1637,3.2527,3.1974
29.299999999999997,3.28362,3.1638,3.253,3.1977
29.4,3.28396,3.164,3.2532,3.1979
29.5,3.2843,3.1642,3.2537,3.1981
29.599999999999998,3.28464,3.1644,3.2539,3.1983
29.7,3.28498,3.1647,3.2541,3.1986
29.799999999999997,3.28532,3.1649,3.2544,3.1987
29.9,3.28566,3.1651,3.2546,3.1989
30.0,3.286,3.1654,3.2548,3.1992
30.099999999999998,3.28606,3.1654,3.2551,3.1994
30.2,3.28612,3.1658,3.2553,3.1997
30.3,3.28618,3.1659,3.2555,3.2
30.4,3.28624,3.1661,3.2558,3.2001
30.5,3.2863,3.1663,3.256,3.2002
30.599999999999998,3.28636,3.1665,3.2562,3.2004
30.7,3.28642,3.1668,3.2565,3.2008
30.8,3.28648,3.1668,3.2567,3.201
30.9,3.28654,3.167,3.2569,3.2012
31.0,3.2866,3.1673,3.2572,3.2014
31.1,3.28666,3.1675,3.2574,3.2015
31.2,3.28672,3.1677,3.2576,3.2018
31.3,3.2867800000000003,3.1679,3.2578,3.2019
31.4,3.28684,3.1681,3.2581,3.2022
31.5,3.2869,3.1682,3.2583,3.2024
31.6,3.28696,3.1684,3.2585,3.2025
31.7,3.28702,3.1686,3.2588,3.2028
31.8,3.28708,3.1689,3.259,3.203
31.900000000000002,3.28714,3.1691,3.2592,3.2032
32.0,3.2872,3.1693,3.2593,3.2034
32.1,3.2872600000000003,3.1695,3.2595,3.2036
32.2,3.2873200000000002,3.1696,3.2599,3.2038
32.300000000000004,3.28738,3.1698,3.26,3.204
32.4,3.28744,3.17,3.2602,3.2042
32.5,3.2875,3.17,3.2604,3.2042
32.6,3.28756,3.1703,3.2606,3.2044
32.7,3.28762,3.1705,3.2609,3.2047
32.800000000000004,3.28768,3.1707,3.2611,3.2049
32.9,3.28774,3.1709,3.2613,3.2051
33.0,3.2878000000000003,3.171,3.2616,3.2053
33.1,3.2878600000000002,3.1712,3.2616,3.2055
33.2,3.28792,3.1714,3.2618,3.2057
33.300000000000004,3.28798,3.1716,3.262,3.2059
33.4,3.28804,3.1717,3.2622,3.206
33.5,3.2881,3.1719,3.2623,3.2062
33.6,3.28816,3.1721,3.2625,3.2064
33.7,3.28822,3.1723,3.2627,3.2064
33.800000000000004,3.2882800000000003,3.1724,3.2627,3.2068
33.900000000000006,3.2883400000000003,3.1726,3.263,3.2068
34.0,3.2884,3.1728,3.263,3.2072
34.1,3.28846,3.173,3.2632,3.2073
34.2,3.28852,3.1733,3.2634,3.2075
34.300000000000004,3.28858,3.1735,3.2636,3.2076
34.4,3.28864,3.1737,3.2637,3.2078
34.5,3.2887,3.1737,3.2637,3.208
34.599999999999994,3.2887600000000003,3.174,3.2639,3.2081
34.699999999999996,3.2888200000000003,3.1742,3.2641,3.2082
34.8,3.2888800000000002,3.1744,3.2641,3.2084
34.9,3.28894,3.1745,3.2643,3.2087
35.0,3.289,3.1747,3.2644,3.2087
35.099999999999994,3.2890200000000003,3.1749,3.2644,3.2089
35.199999999999996,3.28904,3.1751,3.2646,3.2091
35.3,3.28906,3.1751,3.2646,3.2093
35.4,3.2890800000000002,3.1754,3.2648,3.2094
35.5,3.2891000000000004,3.1756,3.2648,3.2095
35.6,3.28912,3.1758,3.265,3.2097
35.699999999999996,3.28914,3.176,3.2651,3.2099
35.8,3.2891600000000003,3.1761,3.2653,3.2101
35.9,3.28918,3.1763,3.2653,3.2103
36.0,3.2892,3.1765,3.2653,3.2103
36.1,3.2892200000000003,3.1767,3.2655,3.2105
36.199999999999996,3.28924,3.1768,3.2657,3.2107
36.3,3.28926,3.177,3.2657,3.2107
36.4,3.28928,3.1772,3.2658,3.2109
36.5,3.2893,3.1774,3.2658,3.2113
36.6,3.28932,3.1775,3.266,3.2112
36.7,3.28934,3.1777,3.266,3.2115
36.8,3.2893600000000003,3.1777,3.2662,3.2116
36.9,3.28938,3.1781,3.2662,3.2118
37.0,3.2894,3.1781,3.2664,3.2118
37.1,3.2894200000000002,3.1784,3.2664,3.2121
37.2,3.28944,3.1784,3.2664,3.2123
37.3,3.28946,3.1786,3.2664,3.2124
37.4,3.28948,3.1788,3.2665,3.2125
37.5,3.2895000000000003,3.1789,3.2665,3.2127
37.6,3.28952,3.1791,3.2667,3.2127
37.7,3.28954,3.1793,3.2667,3.2131
37.8,3.2895600000000003,3.1795,3.2667,3.213
37.9,3.28958,3.1796,3.2669,3.2132
38.0,3.2896,3.1798,3.2669,3.2133
38.1,3.28962,3.18,3.2671,3.2136
38.2,3.28964,3.1802,3.2671,3.2136
38.3,3.28966,3.1802,3.2671,3.2138
38.4,3.28968,3.1803,3.2671,3.2139
38.5,3.2897,3.1805,3.2672,3.214
38.6,3.28972,3.1807,3.2672,3.2142
38.7,3.28974,3.1809,3.2674,3.2144
38.800000000000004,3.2897600000000002,3.181,3.2676,3.2144
38.9,3.28978,3.1812,3.2676,3.2146
39.0,3.2898,3.1814,3.2676,3.2147
39.1,3.28982,3.1816,3.2676,3.2148
39.2,3.28984,3.1816,3.2676,3.2149
39.300000000000004,3.28986,3.1819,3.2678,3.2151
39.4,3.28988,3.1819,3.2678,3.2153
39.5,3.2899000000000003,3.1821,3.2678,3.2155
39.6,3.28992,3.1823,3.2678,3.2155
39.7,3.28994,3.1826,3.2679,3.2156
39.800000000000004,3.28996,3.1826,3.2679,3.2157
39.900000000000006,3.28998,3.1828,3.2681,3.2159
40.0,3.29,3.183,3.2681,3.2161
40.1,3.29002,3.183,3.2681,3.2162
40.2,3.29004,3.1833,3.2681,3.2162
40.300000000000004,3.29006,3.1835,3.2683,3.2164
40.400000000000006,3.29008,3.1835,3.2683,3.2165
40.5,3.2901,3.1837,3.2683,3.2167
40.6,3.29012,3.1839,3.2683,3.2169
40.699999999999996,3.29014,3.184,3.2683,3.2169
40.8,3.29016,3.1842,3.2685,3.217
40.9,3.29018,3.1842,3.2685,3.2172
41.0,3.2902,3.1844,3.2685,3.2173
41.099999999999994,3.29022,3.1847,3.2686,3.2175
41.199999999999996,3.29024,3.1847,3.2686,3.2175
41.3,3.29026,3.1849,3.2688,3.2176
41.4,3.29028,3.1851,3.2688,3.2179
41.5,3.2903000000000002,3.1853,3.2688,3.2178
41.6,3.29032,3.1854,3.2688,3.2179
41.699999999999996,3.29034,3.1856,3.2688,3.2181
41.8,3.29036,3.1858,3.269,3.2182
41.9,3.29038,3.1858,3.2688,3.2184
42.0,3.2904,3.1861,3.269,3.2185
42.1,3.29042,3.1861,3.269,3.2185
42.199999999999996,3.29044,3.1863,3.2692,3.2186
42.3,3.29046,3.1865,3.2692,3.2189
42.4,3.29048,3.1865,3.2692,3.2189
42.5,3.2904999999999998,3.1868,3.2692,3.2191
42.6,3.29052,3.1868,3.2692,3.2192
42.699999999999996,3.29054,3.187,3.2693,3.2192
42.8,3.29056,3.187,3.2693,3.2195
42.9,3.29058,3.1874,3.2693,3.2195
43.0,3.2906,3.1875,3.2695,3.2197
43.1,3.29062,3.1875,3.2695,3.2197
43.2,3.29064,3.1877,3.2695,3.2199
43.3,3.29066,3.1879,3.2695,3.2199
43.4,3.29068,3.1879,3.2697,3.2201
43.5,3.2907,3.1881,3.2697,3.2201
43.6,3.29072,3.1882,3.2697,3.2202
43.7,3.29074,3.1884,3.2697,3.2203
43.8,3.29076,3.1886,3.2699,3.2204
43.9,3.29078,3.1886,3.2699,3.2205
44.0,3.2908,3.1888,3.2699,3.2207
44.1,3.29082,3.1889,3.2699,3.2209
44.2,3.2908399999999998,3.1891,3.2701,3.2209
44.3,3.29086,3.1893,3.2699,3.221
44.4,3.29088,3.1893,3.2701,3.2212
44.5,3.2908999999999997,3.1895,3.2702,3.2212
44.6,3.29092,3.1895,3.2701,3.2213
44.7,3.29094,3.1898,3.2701,3.2213
44.800000000000004,3.29096,3.19,3.2702,3.2215
44.9,3.29098,3.19,3.2702,3.2215
45.0,3.291,3.1902,3.2702,3.2218
45.1,3.29102,3.1903,3.2702,3.2218
45.2,3.2910399999999997,3.1905,3.2702,3.2219
45.300000000000004,3.29106,3.1907,3.2702,3.2221
45.4,3.29108,3.1907,3.2704,3.2221
45.5,3.2911,3.1909,3.2704,3.2222
45.6,3.29112,3.191,3.2704,3.2223
45.7,3.29114,3.1912,3.2706,3.2225
45.800000000000004,3.29116,3.1912,3.2706,3.2226
45.9,3.2911799999999998,3.1914,3.2706,3.2227
46.0,3.2912,3.1916,3.2706,3.2226
46.1,3.29122,3.1916,3.2706,3.2229
46.2,3.2912399999999997,3.1918,3.2706,3.223
46.300000000000004,3.29126,3.1919,3.2708,3.223
46.400000000000006,3.29128,3.1921,3.2706,3.2231
46.5,3.2912999999999997,3.1921,3.2708,3.2232
46.6,3.29132,3.1923,3.2708,3.2234
46.7,3.29134,3.1926,3.2709,3.2233
46.800000000000004,3.29136,3.1926,3.2708,3.2235
46.9,3.2913799999999998,3.1928,3.2709,3.2236
47.0,3.2914,3.193,3.2709,3.2238
47.099999999999994,3.29142,3.193,3.2709,3.2238
47.199999999999996,3.2914399999999997,3.193,3.2709,3.224
47.3,3.29146,3.1933,3.2711,3.2239
47.4,3.29148,3.1933,3.2711,3.2242
47.5,3.2915,3.1935,3.2711,3.2242
47.599999999999994,3.29152,3.1937,3.2711,3.2244
47.699999999999996,3.29154,3.1937,3.2713,3.2244
47.8,3.29156,3.1939,3.2713,3.2245
47.9,3.2915799999999997,3.194,3.2713,3.2246
48.0,3.2916,3.1942,3.2713,3.2247
48.1,3.29162,3.1942,3.2713,3.2246
48.199999999999996,3.2916399999999997,3.1944,3.2715,3.2247
48.3,3.29166,3.1944,3.2716,3.2248
48.4,3.29168,3.1947,3.2716,3.225
48.5,3.2916999999999996,3.1947,3.2716,3.2251
48.6,3.2917199999999998,3.1949,3.2716,3.2252
48.699999999999996,3.29174,3.1949,3.2716,3.2253
48.8,3.29176,3.1951,3.2716,3.2254
48.9,3.2917799999999997,3.1951,3.2716,3.2255
49.0,3.2918,3.1953,3.2718,3.2256
49.1,3.29182,3.1956,3.2718,3.2257
49.2,3.2918399999999997,3.1956,3.2718,3.2257
49.3,3.29186,3.1958,3.2718,3.2257
49.4,3.29188,3.1958,3.2718,3.2259
49.5,3.2919,3.196,3.2718,3.226
49.6,3.2919199999999997,3.196,3.272,3.2262
49.7,3.29194,3.1961,3.272,3.2263
49.8,3.29196,3.1963,3.272,3.2262
49.9,3.2919799999999997,3.1965,3.272,3.2264
50.0,3.292,3.1967,3.272,3.2264
50.1,3.2920599999999998,3.1967,3.272,3.2266
50.2,3.2921199999999997,3.197,3.272,3.2266
50.3,3.2921799999999997,3.197,3.2722,3.2267
50.4,3.2922399999999996,3.1972,3.2722,3.2268
50.5,3.2923,3.1972,3.2723,3.227
50.6,3.29236,3.1974,3.2723,3.2271
50.7,3.29242,3.1975,3.2723,3.2271
50.8,3.29248,3.1977,3.2723,3.2272
50.9,3.29254,3.1977,3.2723,3.2272
51.0,3.2925999999999997,3.1979,3.2723,3.2273
51.1,3.2926599999999997,3.1979,3.2725,3.2275
51.2,3.2927199999999996,3.1981,3.2725,3.2275
51.300000000000004,3.29278,3.1982,3.2725,3.2277
51.4,3.29284,3.1984,3.2725,3.2278
51.5,3.2929,3.1984,3.2727,3.2279
51.6,3.29296,3.1986,3.2727,3.228
51.7,3.29302,3.1988,3.2727,3.228
51.800000000000004,3.29308,3.1988,3.2727,3.2281
51.9,3.2931399999999997,3.1991,3.2729,3.2281
52.0,3.2931999999999997,3.1991,3.2729,3.2282
52.1,3.29326,3.1991,3.2729,3.2282
52.2,3.29332,3.1993,3.273,3.2284
52.300000000000004,3.29338,3.1995,3.273,3.2285
52.400000000000006,3.29344,3.1995,3.273,3.2286
52.5,3.2935,3.1997,3.2732,3.2287
52.6,3.29356,3.1998,3.273,3.2289
52.7,3.2936199999999998,3.1998,3.2732,3.2289
52.800000000000004,3.2936799999999997,3.2,3.2732,3.229
52.900000000000006,3.2937399999999997,3.2002,3.2732,3.2291
53.0,3.2938,3.2002,3.2732,3.2291
53.1,3.29386,3.2002,3.2734,3.2293
53.2,3.29392,3.2005,3.2734,3.2293
53.300000000000004,3.29398,3.2005,3.2734,3.2294
53.400000000000006,3.29404,3.2007,3.2734,3.2295
53.5,3.2941,3.2007,3.2736,3.2296
53.6,3.2941599999999998,3.2009,3.2736,3.2297
53.7,3.2942199999999997,3.2011,3.2736,3.2298
53.800000000000004,3.29428,3.2012,3.2736,3.2299
53.900000000000006,3.29434,3.2012,3.2737,3.23
54.0,3.2944,3.2014,3.2739,3.23
54.1,3.29446,3.2014,3.2739,3.2301
54.2,3.29452,3.2016,3.2739,3.2302
54.300000000000004,3.29458,3.2016,3.2739,3.2303
54.400000000000006,3.29464,3.2019,3.2741,3.2304
54.50000000000001,3.2946999999999997,3.2019,3.2741,3.2306
54.6,3.29476,3.2021,3.2741,3.2306
54.7,3.29482,3.2021,3.2743,3.2307
54.800000000000004,3.29488,3.2023,3.2743,3.2308
54.900000000000006,3.29494,3.2025,3.2743,3.2308
55.00000000000001,3.295,3.2026,3.2743,3.231
55.1,3.2953,3.2026,3.2744,3.2311
55.2,3.2956,3.2028,3.2746,3.2312
55.300000000000004,3.2959,3.2028,3.2746,3.2313
55.400000000000006,3.2962,3.203,3.2746,3.2314
55.50000000000001,3.2965,3.2032,3.2748,3.2314
55.60000000000001,3.2968,3.2032,3.2748,3.2316
55.7,3.2971,3.2033,3.275,3.2317
55.800000000000004,3.2974,3.2035,3.275,3.2318
55.900000000000006,3.2977,3.2035,3.275,3.2318
56.00000000000001,3.298,3.2037,3.2751,3.2319
56.10000000000001,3.2983,3.2037,3.2751,3.2321
56.2,3.2986,3.2039,3.2753,3.2322
56.3,3.2989,3.2039,3.2753,3.2322
56.39999999999999,3.2992,3.204,3.2755,3.2323
56.49999999999999,3.2995,3.2042,3.2757,3.2325
56.599999999999994,3.2998,3.2042,3.2757,3.2325
56.699999999999996,3.3001,3.2044,3.2757,3.2326
56.8,3.3004,3.2046,3.2758,3.2326
56.89999999999999,3.3007,3.2046,3.276,3.2327
56.99999999999999,3.301,3.2049,3.276,3.2329
57.099999999999994,3.3013,3.2049,3.2762,3.2331
57.199999999999996,3.3016,3.2049,3.2762,3.2331
57.3,3.3019,3.2051,3.2764,3.2332
57.4,3.3022,3.2053,3.2765,3.2333
57.49999999999999,3.3024999999999998,3.2053,3.2765,3.2335
57.599999999999994,3.3028,3.2054,3.2767,3.2336
57.699999999999996,3.3031,3.2056,3.2769,3.2337
57.8,3.3034,3.2056,3.2769,3.2338
57.9,3.3037,3.2058,3.2771,3.234
57.99999999999999,3.304,3.206,3.2771,3.2339
58.099999999999994,3.3043,3.206,3.2774,3.2341
58.199999999999996,3.3046,3.2061,3.2774,3.2341
58.3,3.3049,3.2063,3.2776,3.2342
58.4,3.3052,3.2065,3.2778,3.2344
58.5,3.3055,3.2065,3.2778,3.2345
58.599999999999994,3.3058,3.2065,3.2781,3.2346
58.699999999999996,3.3061,3.2067,3.2783,3.2349
58.8,3.3064,3.2067,3.2783,3.2348
58.9,3.3067,3.207,3.2787,3.235
59.0,3.307,3.2072,3.2788,3.2352
59.099999999999994,3.3073,3.2072,3.279,3.2352
59.199999999999996,3.3076,3.2074,3.2792,3.2354
59.3,3.3079,3.2074,3.2792,3.2354
59.4,3.3082000000000003,3.2076,3.2795,3.2356
59.5,3.3085,3.2077,3.2797,3.2357
59.599999999999994,3.3088,3.2079,3.2799,3.2357
59.699999999999996,3.3091,3.2079,3.2801,3.2359
59.8,3.3094,3.2081,3.2804,3.236
59.9,3.3097,3.2081,3.2806,3.2361
60.0,3.31,3.2083,3.2808,3.2362
60.099999999999994,3.31038,3.2084,3.2811,3.2363
60.199999999999996,3.31076,3.2086,3.2813,3.2365
60.3,3.31114,3.2086,3.2815,3.2365
60.4,3.3115200000000002,3.2088,3.2818,3.2367
60.5,3.3119,3.2088,3.282,3.2368
60.6,3.31228,3.209,3.2822,3.237
60.699999999999996,3.31266,3.2091,3.2827,3.2372
60.8,3.31304,3.2093,3.2829,3.2373
60.9,3.3134200000000003,3.2093,3.2834,3.2375
61.0,3.3138,3.2095,3.2836,3.2375
61.1,3.31418,3.2097,3.2839,3.2375
61.199999999999996,3.31456,3.2098,3.2841,3.2377
61.3,3.31494,3.2098,3.2846,3.2379
61.4,3.3153200000000003,3.21,3.285,3.238
61.5,3.3157,3.21,3.2853,3.2382
61.6,3.31608,3.2102,3.2857,3.2383
61.7,3.31646,3.2102,3.2862,3.2384
61.8,3.31684,3.2104,3.2866,3.2385
61.9,3.3172200000000003,3.2105,3.2869,3.2387
62.0,3.3176,3.2107,3.2874,3.2389
62.1,3.31798,3.2107,3.2878,3.239
62.2,3.31836,3.2109,3.2883,3.2391
62.3,3.31874,3.2111,3.2888,3.2392
62.4,3.3191200000000003,3.2111,3.2892,3.2394
62.5,3.3195,3.2114,3.2897,3.2394
62.6,3.31988,3.2114,3.2901,3.2396
62.7,3.32026,3.2116,3.2906,3.2398
62.8,3.32064,3.2116,3.2909,3.2401
62.9,3.3210200000000003,3.2118,3.2915,3.2402
63.0,3.3214,3.2119,3.2918,3.2403
63.1,3.32178,3.2121,3.2922,3.2404
63.2,3.3221600000000002,3.2121,3.2927,3.2406
63.3,3.32254,3.2123,3.2932,3.2407
63.4,3.3229200000000003,3.2123,3.2936,3.2409
63.5,3.3233,3.2125,3.2941,3.241
63.6,3.32368,3.2125,3.2945,3.2411
63.7,3.3240600000000002,3.2126,3.2948,3.2414
63.800000000000004,3.32444,3.2128,3.2953,3.2415
63.9,3.3248200000000003,3.213,3.2957,3.2416
64.0,3.3252,3.213,3.2962,3.2417
64.1,3.32558,3.2132,3.2964,3.2419
64.2,3.3259600000000002,3.2133,3.2967,3.2421
64.3,3.32634,3.2135,3.2971,3.2422
64.4,3.3267200000000003,3.2137,3.2976,3.2424
64.5,3.3271,3.2139,3.2978,3.2425
64.60000000000001,3.32748,3.2139,3.2983,3.2428
64.7,3.3278600000000003,3.214,3.2985,3.2429
64.8,3.32824,3.2142,3.2988,3.243
64.9,3.3286200000000004,3.2144,3.2992,3.2432
65.0,3.329,3.2144,3.2994,3.2433
65.10000000000001,3.3290200000000003,3.2146,3.2997,3.2435
65.2,3.32904,3.2147,3.3001,3.2436
65.3,3.32906,3.2149,3.3002,3.2439
65.4,3.3290800000000003,3.2149,3.3006,3.2441
65.5,3.3291000000000004,3.2151,3.3008,3.2442
65.60000000000001,3.32912,3.2153,3.3011,3.2443
65.7,3.32914,3.2153,3.3013,3.2445
65.8,3.3291600000000003,3.2156,3.3015,3.2446
65.9,3.32918,3.2156,3.3018,3.2448
66.0,3.3292,3.2158,3.302,3.245
66.10000000000001,3.3292200000000003,3.2158,3.3024,3.2452
66.2,3.32924,3.216,3.3025,3.2453
66.3,3.32926,3.216,3.3027,3.2455
66.4,3.3292800000000002,3.2163,3.3029,3.2457
66.5,3.3293,3.2163,3.3031,3.2458
66.60000000000001,3.32932,3.2165,3.3034,3.2461
66.7,3.32934,3.2167,3.3036,3.2463
66.8,3.3293600000000003,3.2167,3.3038,3.2463
66.9,3.32938,3.217,3.3039,3.2465
67.0,3.3294,3.217,3.3039,3.2468
67.10000000000001,3.3294200000000003,3.2172,3.3043,3.2469
67.2,3.32944,3.2174,3.3043,3.247
67.30000000000001,3.32946,3.2174,3.3045,3.2472
67.4,3.32948,3.2177,3.3046,3.2475
67.5,3.3295000000000003,3.2177,3.3048,3.2476
67.60000000000001,3.32952,3.2179,3.3048,3.2476
67.7,3.32954,3.2179,3.3052,3.2479
67.80000000000001,3.3295600000000003,3.2181,3.3052,3.2479
67.9,3.32958,3.2181,3.3055,3.2481
68.0,3.3296,3.2184,3.3055,3.2483
68.10000000000001,3.3296200000000002,3.2184,3.3057,3.2485
68.2,3.32964,3.2186,3.3057,3.2486
68.30000000000001,3.32966,3.2188,3.3059,3.2488
68.4,3.32968,3.219,3.306,3.249
68.5,3.3297,3.219,3.3062,3.2491
68.60000000000001,3.32972,3.2193,3.3062,3.2493
68.7,3.32974,3.2193,3.3064,3.2495
68.8,3.3297600000000003,3.2195,3.3064,3.2496
68.89999999999999,3.32978,3.2197,3.3066,3.2499
69.0,3.3298,3.2197,3.3067,3.25
69.1,3.3298200000000002,3.2198,3.3069,3.2502
69.19999999999999,3.32984,3.22,3.3069,3.2504
69.3,3.32986,3.2202,3.3071,3.2505
69.39999999999999,3.32988,3.2204,3.3071,3.2506
69.5,3.3299000000000003,3.2204,3.3073,3.2509
69.6,3.32992,3.2207,3.3073,3.251
69.69999999999999,3.32994,3.2207,3.3073,3.2511
69.8,3.3299600000000003,3.2209,3.3074,3.2513
69.89999999999999,3.32998,3.2209,3.3076,3.2515
70.0,3.33,3.2211,3.3076,3.2516
70.1,3.33,3.2212,3.3078,3.2518
70.19999999999999,3.33,3.2214,3.3078,3.2519
70.3,3.33,3.2216,3.3078,3.2521
70.39999999999999,3.33,3.2216,3.308,3.2522
70.5,3.33,3.2218,3.308,3.2524
70.6,3.33,3.2218,3.3081,3.2526
70.7,3.33,3.2221,3.3081,3.2526
70.8,3.33,3.2223,3.3083,3.2529
70.89999999999999,3.33,3.2223,3.3083,3.2531
71.0,3.33,3.2225,3.3085,3.2531
71.1,3.33,3.2227,3.3085,3.2533
71.2,3.33,3.2228,3.3085,3.2532
71.3,3.33,3.2228,3.3085,3.2536
71.39999999999999,3.33,3.223,3.3087,3.2537
71.5,3.33,3.2232,3.3087,3.2539
71.6,3.33,3.2232,3.3087,3.2539
71.7,3.33,3.2235,3.3087,3.2542
71.8,3.33,3.2235,3.309,3.2542
71.89999999999999,3.33,3.2237,3.3089,3.2542
72.0,3.33,3.2239,3.309,3.2545
72.1,3.33,3.2239,3.309,3.2546
72.2,3.33,3.2241,3.309,3.2548
72.3,3.33,3.2242,3.3092,3.2549
72.39999999999999,3.33,3.2244,3.3092,3.2551
72.5,3.33,3.2244,3.3094,3.2552
72.6,3.33,3.2246,3.3094,3.2553
72.7,3.33,3.2248,3.3096,3.2554
72.8,3.33,3.2249,3.3094,3.2555
72.89999999999999,3.33,3.2251,3.3096,3.2557
73.0,3.33,3.2253,3.3097,3.2558
73.1,3.33,3.2253,3.3097,3.256
73.2,3.33,3.2253,3.3097,3.2561
73.3,3.33,3.2256,3.3097,3.2561
73.4,3.33,3.2256,3.3097,3.2563
73.5,3.33,3.2258,3.3099,3.2564
73.6,3.33,3.226,3.3099,3.2565
73.7,3.33,3.226,3.3099,3.2566
73.8,3.33,3.2262,3.3101,3.2568
73.9,3.33,3.2263,3.3101,3.2569
74.0,3.33,3.2265,3.3101,3.2569
74.1,3.33,3.2267,3.3101,3.2571
74.2,3.33,3.2267,3.3103,3.2572
74.3,3.33,3.2269,3.3101,3.2574
74.4,3.33,3.2269,3.3104,3.2575
74.5,3.33,3.2272,3.3104,3.2576
74.6,3.33,3.2272,3.3104,3.2576
74.7,3.33,3.2274,3.3104,3.2578
74.8,3.33,3.2274,3.3104,3.2579
74.9,3.33,3.2276,3.3106,3.2581
75.0,3.33,3.2276,3.3106,3.258
75.1,3.33002,3.2279,3.3106,3.2582
75.2,3.33004,3.2279,3.3106,3.2583
75.3,3.33006,3.2281,3.3106,3.2585
75.4,3.33008,3.2283,3.3106,3.2586
75.5,3.3301,3.2283,3.3108,3.2586
75.6,3.33012,3.2283,3.3108,3.2587
75.7,3.33014,3.2286,3.3108,3.2589
75.8,3.3301600000000002,3.2286,3.311,3.2589
75.9,3.33018,3.2288,3.3108,3.259
76.0,3.3302,3.229,3.311,3.2592
76.1,3.33022,3.229,3.311,3.2593
76.2,3.33024,3.2291,3.3111,3.2593
76.3,3.33026,3.2293,3.3111,3.2594
76.4,3.33028,3.2293,3.3111,3.2595
76.5,3.3303000000000003,3.2295,3.3111,3.2597
76.6,3.33032,3.2297,3.3113,3.2597
76.7,3.33034,3.2297,3.3113,3.2599
76.8,3.33036,3.2298,3.3113,3.2599
76.9,3.33038,3.23,3.3113,3.26
77.0,3.3304,3.23,3.3113,3.26
77.10000000000001,3.33042,3.2302,3.3115,3.2603
77.2,3.33044,3.2302,3.3115,3.2602
77.3,3.33046,3.2304,3.3115,3.2603
77.4,3.33048,3.2304,3.3117,3.2604
77.5,3.3305,3.2307,3.3117,3.2606
77.60000000000001,3.33052,3.2307,3.3117,3.2606
77.7,3.33054,3.2307,3.3117,3.2607
77.8,3.33056,3.2311,3.3117,3.2609
77.9,3.33058,3.2311,3.3117,3.2609
78.0,3.3306,3.2311,3.3117,3.2609
78.10000000000001,3.33062,3.2314,3.3118,3.261
78.2,3.33064,3.2314,3.3118,3.2612
78.3,3.33066,3.2314,3.3118,3.2611
78.4,3.33068,3.2316,3.312,3.2612
78.5,3.3307,3.2318,3.312,3.2614
78.60000000000001,3.33072,3.2318,3.312,3.2615
78.7,3.33074,3.232,3.312,3.2614
78.8,3.33076,3.2321,3.312,3.2616
78.9,3.33078,3.2321,3.312,3.2616
79.0,3.3308,3.2323,3.3122,3.2618
79.10000000000001,3.33082,3.2323,3.3122,3.2619
79.2,3.33084,3.2325,3.3122,3.262
79.3,3.33086,3.2325,3.3122,3.262
79.4,3.33088,3.2325,3.3122,3.262
79.5,3.3308999999999997,3.2328,3.3122,3.2621
79.60000000000001,3.33092,3.2328,3.3124,3.2621
79.7,3.33094,3.2328,3.3125,3.2622
79.80000000000001,3.33096,3.233,3.3125,3.2622
79.9,3.33098,3.233,3.3125,3.2625
80.0,3.331,3.2332,3.3125,3.2624
80.10000000000001,3.331,3.2332,3.3125,3.2626
80.2,3.331,3.2332,3.3125,3.2625
80.30000000000001,3.331,3.2335,3.3125,3.2627
80.4,3.331,3.2335,3.3127,3.2628
80.5,3.331,3.2335,3.3127,3.2628
80.60000000000001,3.331,3.2337,3.3127,3.2629
80.7,3.331,3.2337,3.3127,3.263
80.80000000000001,3.331,3.2337,3.3129,3.263
80.9,3.331,3.2339,3.3129,3.2631
81.0,3.331,3.2339,3.3129,3.2632
81.10000000000001,3.331,3.2341,3.3129,3.2633
81.2,3.331,3.2342,3.3129,3.2634
81.3,3.331,3.2342,3.3129,3.2633
81.39999999999999,3.331,3.2344,3.3129,3.2634
81.5,3.331,3.2344,3.3131,3.2633
81.6,3.331,3.2344,3.3131,3.2635
81.69999999999999,3.331,3.2346,3.3131,3.2636
81.8,3.331,3.2346,3.3131,3.2636
81.89999999999999,3.331,3.2348,3.3131,3.2637
82.0,3.331,3.2348,3.3131,3.2637
82.1,3.331,3.2348,3.3131,3.2638
82.19999999999999,3.331,3.2349,3.3132,3.2639
82.3,3.331,3.2351,3.3132,3.264
82.39999999999999,3.331,3.2351,3.3132,3.2639
82.5,3.331,3.2351,3.3132,3.2642
82.6,3.331,3.2353,3.3134,3.2641
82.69999999999999,3.331,3.2353,3.3134,3.2642
82.8,3.331,3.2353,3.3134,3.2642
82.89999999999999,3.331,3.2355,3.3134,3.2642
83.0,3.331,3.2355,3.3136,3.2643
83.1,3.331,3.2356,3.3134,3.2645
83.2,3.331,3.2358,3.3134,3.2645
83.3,3.331,3.2358,3.3136,3.2644
83.39999999999999,3.331,3.2358,3.3136,3.2645
83.5,3.331,3.236,3.3136,3.2646
83.6,3.331,3.236,3.3136,3.2646
83.7,3.331,3.236,3.3138,3.2647
83.8,3.331,3.2362,3.3138,3.2647
83.89999999999999,3.331,3.2362,3.3138,3.2647
84.0,3.331,3.2362,3.3138,3.2648
84.1,3.331,3.2363,3.3138,3.265
84.2,3.331,3.2363,3.3138,3.2651
84.3,3.331,3.2365,3.3138,3.2649
84.39999999999999,3.331,3.2365,3.3139,3.2651
84.5,3.331,3.2365,3.3138,3.2651
84.6,3.331,3.2365,3.3139,3.2652
84.7,3.331,3.2367,3.3141,3.2653
84.8,3.331,3.2367,3.3141,3.2652
84.89999999999999,3.331,3.2369,3.3141,3.2652
85.0,3.331,3.2369,3.3141,3.2654
85.1,3.33102,3.237,3.3141,3.2654
85.2,3.33104,3.2369,3.3141,3.2654
85.3,3.33106,3.2372,3.3143,3.2654
85.39999999999999,3.33108,3.2372,3.3143,3.2654
85.5,3.3311,3.2372,3.3143,3.2655
85.6,3.33112,3.2374,3.3143,3.2657
85.7,3.33114,3.2374,3.3143,3.2657
85.8,3.33116,3.2374,3.3143,3.2658
85.9,3.33118,3.2374,3.3143,3.2657
86.0,3.3312,3.2374,3.3143,3.2659
86.1,3.33122,3.2376,3.3143,3.2658
86.2,3.3312399999999998,3.2376,3.3145,3.2658
86.3,3.33126,3.2376,3.3145,3.266
86.4,3.33128,3.2376,3.3145,3.2659
86.5,3.3312999999999997,3.2377,3.3145,3.2659
86.6,3.33132,3.2379,3.3145,3.2661
86.7,3.33134,3.2379,3.3145,3.2662
86.8,3.33136,3.2379,3.3146,3.2661
86.9,3.33138,3.2379,3.3146,3.2661
87.0,3.3314,3.2379,3.3148,3.2662
87.1,3.33142,3.2379,3.3146,3.2663
87.2,3.3314399999999997,3.2381,3.3148,3.2662
87.3,3.33146,3.2381,3.3146,3.2664
87.4,3.33148,3.2381,3.3148,3.2665
87.5,3.3315,3.2383,3.3148,3.2666
87.6,3.33152,3.2383,3.3148,3.2665
87.7,3.33154,3.2383,3.315,3.2665
87.8,3.33156,3.2383,3.315,3.2665
87.9,3.3315799999999998,3.2385,3.315,3.2665
88.0,3.3316,3.2386,3.315,3.2666
88.1,3.33162,3.2386,3.315,3.2667
88.2,3.3316399999999997,3.2386,3.315,3.2665
88.3,3.33166,3.2386,3.315,3.2667
88.4,3.33168,3.2386,3.315,3.2667
88.5,3.3316999999999997,3.2386,3.315,3.2667
88.6,3.33172,3.2386,3.3152,3.2667
88.7,3.33174,3.2388,3.3152,3.267
88.8,3.33176,3.2388,3.3152,3.2669
88.9,3.3317799999999997,3.2388,3.3152,3.2669
89.0,3.3318,3.239,3.3152,3.267
89.1,3.33182,3.2388,3.3152,3.2671
89.2,3.3318399999999997,3.2388,3.3152,3.2671
89.3,3.33186,3.239,3.3152,3.2671
89.4,3.33188,3.239,3.3152,3.2672
89.5,3.3319,3.239,3.3155,3.2671
89.60000000000001,3.3319199999999998,3.239,3.3153,3.2672
89.7,3.33194,3.2392,3.3153,3.2673
89.8,3.33196,3.2392,3.3155,3.2672
89.9,3.3319799999999997,3.2392,3.3155,3.2673
90.0,3.332,3.2392,3.3155,3.2673
90.10000000000001,3.332,3.2393,3.3155,3.2674
90.2,3.332,3.2393,3.3155,3.2673
90.3,3.332,3.2393,3.3155,3.2674
90.4,3.332,3.2393,3.3157,3.2675
90.5,3.332,3.2395,3.3155,3.2674
90.60000000000001,3.332,3.2395,3.3157,3.2674
90.7,3.332,3.2395,3.3157,3.2675
90.8,3.332,3.2395,3.3157,3.2676
90.9,3.332,3.2395,3.3157,3.2676
91.0,3.332,3.2395,3.3157,3.2676
91.10000000000001,3.332,3.2395,3.3159,3.2676
91.2,3.332,3.2395,3.3159,3.2677
91.3,3.332,3.2397,3.3159,3.2677
91.4,3.332,3.2397,3.3159,3.2677
91.5,3.332,3.2397,3.3159,3.2679
91.60000000000001,3.332,3.2397,3.3159,3.2678
91.7,3.332,3.2397,3.3159,3.2679
91.8,3.332,3.2397,3.316,3.2679
91.9,3.332,3.2397,3.3159,3.2679
92.0,3.332,3.2399,3.316,3.2679
92.10000000000001,3.3320499999999997,3.2397,3.316,3.268
92.2,3.3321,3.2397,3.316,3.268
92.30000000000001,3.33215,3.2397,3.316,3.2681
92.4,3.3322,3.2399,3.316,3.2681
92.5,3.33225,3.2399,3.316,3.2681
92.60000000000001,3.3323,3.2399,3.316,3.2681
92.7,3.33235,3.24,3.3162,3.2682
92.80000000000001,3.3324,3.24,3.3162,3.2682
92.9,3.33245,3.24,3.3162,3.2683
93.0,3.3325,3.24,3.3162,3.2681
93.10000000000001,3.33255,3.24,3.3162,3.2683
93.2,3.3326000000000002,3.24,3.3162,3.2683
93.30000000000001,3.33265,3.24,3.3162,3.2684
93.4,3.3327,3.2402,3.3162,3.2684
93.5,3.33275,3.2402,3.3162,3.2684
93.60000000000001,3.3328,3.2402,3.3162,3.2684
93.7,3.33285,3.2402,3.3162,3.2684
93.8,3.3329,3.2402,3.3162,3.2683
93.89999999999999,3.3329500000000003,3.2402,3.3162,3.2685
94.0,3.333,3.2402,3.3164,3.2685
94.1,3.33305,3.2402,3.3164,3.2686
94.19999999999999,3.3331,3.2404,3.3164,3.2686
94.3,3.3331500000000003,3.2402,3.3164,3.2686
94.39999999999999,3.3332,3.2404,3.3164,3.2686
94.5,3.33325,3.2404,3.3164,3.2688
94.6,3.3333,3.2404,3.3164,3.2688
94.69999999999999,3.3333500000000003,3.2404,3.3164,3.2688
94.8,3.3334,3.2404,3.3164,3.2687
94.89999999999999,3.33345,3.2404,3.3164,3.2688
95.0,3.3335,3.2404,3.3164,3.2688
95.1,3.3335500000000002,3.2404,3.3164,3.2688
95.19999999999999,3.3336,3.2406,3.3164,3.2689
95.3,3.33365,3.2406,3.3164,3.2689
95.39999999999999,3.3337,3.2406,3.3164,3.2688
95.5,3.33375,3.2407,3.3164,3.2691
95.6,3.3338,3.2407,3.3164,3.269
95.7,3.33385,3.2407,3.3164,3.2691
95.8,3.3339,3.2407,3.3164,3.2693
95.89999999999999,3.33395,3.2406,3.3164,3.2692
96.0,3.334,3.2407,3.3164,3.2691
96.1,3.33405,3.2407,3.3164,3.2693
96.2,3.3341000000000003,3.2407,3.3164,3.2693
96.3,3.33415,3.2409,3.3164,3.2694
96.39999999999999,3.3342,3.2409,3.3164,3.2694
96.5,3.33425,3.2409,3.3164,3.2694
96.6,3.3343,3.2409,3.3162,3.2694
96.7,3.33435,3.2409,3.3164,3.2696
96.8,3.3344,3.2411,3.3162,3.2695
96.89999999999999,3.33445,3.2411,3.3162,3.2697
97.0,3.3345000000000002,3.2411,3.3162,3.2696
97.1,3.33455,3.2413,3.3162,3.2697
97.2,3.3346,3.2414,3.3162,3.2698
97.3,3.33465,3.2414,3.316,3.2699
97.39999999999999,3.3346999999999998,3.2416,3.316,3.27
97.5,3.33475,3.2418,3.316,3.2701
97.6,3.3348,3.242,3.3159,3.2702
97.7,3.33485,3.2421,3.3159,3.2703
97.8,3.3348999999999998,3.2423,3.3159,3.2703
97.89999999999999,3.33495,3.2427,3.3159,3.2705
98.0,3.335,3.243,3.3159,3.2706
98.1,3.3371999999999997,3.2434,3.3159,3.2708
98.2,3.3394,3.2439,3.3159,3.271
98.3,3.3416,3.2446,3.3162,3.2713
98.4,3.3438,3.2453,3.3164,3.2714
98.5,3.346,3.2462,3.3166,3.2717
98.6,3.3482,3.2472,3.3173,3.2722
98.7,3.3504,3.2488,3.3182,3.2726
98.8,3.3526,3.2504,3.3196,3.2729
98.9,3.3548,3.2527,3.3215,3.2737
99.0,3.357,3.2553,3.3247,3.2744
99.1,3.3592,3.2586,3.3289,3.2755
99.2,3.3614,3.2627,3.3347,3.2765
99.3,3.3636,3.2674,3.3422,3.278
99.4,3.3658,3.2732,3.3522,3.2799
99.5,3.368,3.2802,3.3645,3.2821
99.6,3.3702,3.2885,3.3796,3.285
99.7,3.3724,3.2987,3.3982,3.2893
99.8,3.3746,3.3111,3.4216,3.2942
99.9,3.3768000000000002,3.3276,3.4532,3.3009
100.0,3.379,3.362,3.5218,3.3148
