实际电压(V),容量(Ah),能量(Wh)
2.4996,330.1095,1056.863
2.5194,329.9796,1056.536
2.5413,329.8142,1056.118
2.5546,329.7047,1055.839
2.573,329.5389,1055.414
2.5842,329.4315,1055.137
2.5992,329.27,1054.719
2.6089,329.1628,1054.44
2.6227,329.0028,1054.021
2.6316,328.8965,1053.742
2.6439,328.7378,1053.324
2.6518,328.6328,1053.046
2.6628,328.4742,1052.624
2.67,328.3696,1052.345
2.6807,328.2131,1051.927
2.6878,328.1091,1051.648
2.6971,327.9536,1051.229
2.7038,327.8502,1050.95
2.7124,327.6955,1050.531
2.7185,327.5928,1050.252
2.7271,327.438,1049.831
2.7322,327.3356,1049.551
2.7402,327.1827,1049.133
2.7483,327.03,1048.714
2.7537,326.9286,1048.435
2.7608,326.7765,1048.016
2.7656,326.6756,1047.737
2.7722,326.5244,1047.319
2.7771,326.4237,1047.039
2.7832,326.2732,1046.621
2.7875,326.1729,1046.341
2.7942,326.0229,1045.923
2.7984,325.923,1045.644
2.8046,325.7735,1045.225
2.8082,325.674,1044.946
2.8137,325.5251,1044.527
2.8179,325.4262,1044.249
2.8233,325.2759,1043.825
2.8271,325.1772,1043.546
2.832,325.0278,1043.124
2.8358,324.9306,1042.848
2.8414,324.783,1042.429
2.8443,324.6848,1042.15
2.8494,324.5372,1041.73
2.8542,324.3903,1041.311
2.8571,324.2925,1041.032
2.8622,324.146,1040.613
2.8648,324.0486,1040.334
2.8695,323.9025,1039.915
2.8724,323.8052,1039.636
2.8772,323.6595,1039.217
2.8802,323.5625,1038.938
2.884,323.4172,1038.519
2.8868,323.3204,1038.24
2.8912,323.1754,1037.821
2.8938,323.0789,1037.542
2.898,322.9343,1037.123
2.9003,322.8379,1036.844
2.9042,322.6936,1036.425
2.9069,322.5975,1036.146
2.9105,322.4535,1035.727
2.9136,322.3577,1035.448
2.9169,322.2139,1035.029
2.9196,322.1183,1034.75
2.9231,321.9746,1034.331
2.9255,321.8793,1034.052
2.9288,321.7362,1033.633
2.932,321.5933,1033.215
2.9346,321.4981,1032.935
2.938,321.3555,1032.517
2.9401,321.2605,1032.237
2.9436,321.118,1031.818
2.9455,321.0232,1031.539
2.9485,320.8811,1031.121
2.9508,320.7864,1030.841
2.9539,320.6446,1030.423
2.9558,320.5498,1030.143
2.9586,320.4084,1029.725
2.9613,320.3126,1029.441
2.964,320.1713,1029.023
2.9658,320.0771,1028.743
2.9687,319.9359,1028.325
2.9706,319.8419,1028.045
2.9733,319.701,1027.627
2.9754,319.6071,1027.347
2.9777,319.4663,1026.928
2.9799,319.3727,1026.649
2.9828,319.2321,1026.231
2.9853,319.0918,1025.812
2.9872,318.9983,1025.533
2.9899,318.8581,1025.114
2.9914,318.7648,1024.835
2.994,318.6248,1024.416
2.9957,318.5315,1024.137
2.998,318.3917,1023.718
3.0001,318.2986,1023.439
3.0022,318.1591,1023.02
3.0038,318.066,1022.74
3.0063,317.9267,1022.322
3.0076,317.8338,1022.043
3.0103,317.6946,1021.624
3.0117,317.6019,1021.345
3.0139,317.4629,1020.926
3.0153,317.3702,1020.647
3.0181,317.2313,1020.228
3.0189,317.1389,1019.949
3.0212,317.0002,1019.53
3.0226,316.9078,1019.251
3.025,316.7692,1018.832
3.0271,316.6308,1018.413
3.0281,316.5385,1018.134
3.0304,316.4003,1017.715
3.0319,316.3081,1017.436
3.0339,316.1701,1017.017
3.0356,316.0783,1016.739
3.0369,315.94,1016.319
3.0386,315.8481,1016.04
3.0403,315.7104,1015.621
3.0413,315.6185,1015.342
3.0434,315.4797,1014.92
3.0445,315.3891,1014.644
3.0465,315.2515,1014.225
3.0474,315.1599,1013.946
3.0492,315.0225,1013.527
3.0505,314.9309,1013.248
3.0523,314.7936,1012.829
3.0533,314.7005,1012.545
3.0553,314.565,1012.131
3.0557,314.4737,1011.852
3.0574,314.3366,1011.433
3.0586,314.2454,1011.154
3.0606,314.1083,1010.735
3.0618,313.9715,1010.316
3.0627,313.8804,1010.037
3.0644,313.7432,1009.617
3.0649,313.652,1009.338
3.0665,313.5154,1008.919
3.0671,313.4244,1008.64
3.069,313.2873,1008.219
3.0694,313.1963,1007.94
3.0705,313.0598,1007.521
3.0715,312.969,1007.242
3.0725,312.8326,1006.823
3.0735,312.7418,1006.544
3.0745,312.6055,1006.125
3.0754,312.5147,1005.846
3.0764,312.3785,1005.427
3.0774,312.2878,1005.148
3.0779,312.1517,1004.729
3.0788,312.061,1004.45
3.0797,311.9249,1004.031
3.0807,311.8343,1003.752
3.0811,311.6983,1003.333
3.082,311.5624,1002.914
3.0832,311.4718,1002.635
3.0839,311.336,1002.216
3.0839,311.2453,1001.937
3.085,311.1096,1001.518
3.0856,311.0191,1001.239
3.0863,310.8833,1000.82
3.0867,310.7928,1000.541
3.0874,310.6572,1000.122
3.0879,310.5665,999.8423
3.0886,310.4311,999.4243
3.0893,310.3407,999.1452
3.0897,310.2051,998.7264
3.0898,310.1147,998.4471
3.0905,309.9792,998.0284
3.0913,309.8889,997.7491
3.0917,309.7534,997.3303
3.0919,309.663,997.051
3.0928,309.5272,996.6312
3.0926,309.4373,996.3531
3.0937,309.3018,995.9343
3.094,309.1664,995.5153
3.0942,309.0761,995.2361
3.0945,308.9408,994.8174
3.0949,308.8506,994.5382
3.0956,308.7153,994.1194
3.0959,308.6251,993.8402
3.0965,308.4898,993.4215
3.0966,308.3995,993.142
3.0972,308.2643,992.7232
3.0971,308.1741,992.4441
3.0977,308.0389,992.0253
3.0978,307.9488,991.7461
3.0984,307.8136,991.3273
3.0986,307.7234,991.0479
3.0989,307.5883,990.6294
3.0991,307.4982,990.35
3.0995,307.363,989.9312
3.0998,307.2729,989.652
3.1003,307.136,989.2276
3.1004,307.0458,988.9481
3.101,306.9108,988.5296
3.1008,306.8208,988.2504
3.1015,306.6857,987.8315
3.1022,306.5506,987.4126
3.1022,306.4606,987.1335
3.1023,306.3256,986.7147
3.1024,306.2356,986.4355
3.1031,306.1006,986.0167
3.103,306.0094,985.7338
3.1033,305.8756,985.3185
3.1035,305.7856,985.0394
3.1038,305.649,984.6155
3.1042,305.5607,984.3412
3.1044,305.4258,983.9227
3.1048,305.3359,983.6434
3.1047,305.2009,983.2245
3.1052,305.111,982.9453
3.1051,304.976,982.5263
3.1052,304.8862,982.2473
3.106,304.7513,981.8284
3.1063,304.6614,981.5492
3.1063,304.5266,981.1305
3.1065,304.4367,980.8513
3.1072,304.3019,980.4327
3.107,304.1662,980.011
3.1075,304.0762,979.7314
3.1077,303.9414,979.3126
3.1077,303.8515,979.0334
3.108,303.7168,978.6147
3.1083,303.6269,978.3354
3.1086,303.4922,977.9166
3.1089,303.4023,977.6374
3.1086,303.2676,977.2186
3.1093,303.1777,976.9393
3.1095,303.0424,976.5184
3.1094,302.9532,976.2412
3.1095,302.8185,975.8225
3.11,302.7287,975.5432
3.1102,302.594,975.1244
3.1103,302.5042,974.8453
3.1102,302.3696,974.4266
3.1104,302.2797,974.1471
3.1107,302.1451,973.7283
3.1111,302.0553,973.4491
3.1112,301.9208,973.0307
3.1117,301.831,972.7512
3.112,301.6963,972.3322
3.1116,301.5617,971.9135
3.1122,301.4719,971.6341
3.1126,301.3374,971.2156
3.1123,301.2477,970.9363
3.1127,301.113,970.5174
3.1129,301.0233,970.2382
3.1127,300.8887,969.8194
3.1128,300.7991,969.5403
3.1135,300.6645,969.1215
3.1136,300.5748,968.8421
3.1142,300.4403,968.4235
3.1138,300.3506,968.1442
3.114,300.216,967.7253
3.1139,300.1257,967.4442
3.1145,299.9919,967.0275
3.1143,299.9007,966.7433
3.1145,299.7677,966.3292
3.1145,299.678,966.05
3.1147,299.5435,965.6312
3.1152,299.4539,965.3522
3.1153,299.3194,964.933
3.1152,299.185,964.5145
3.1155,299.0953,964.235
3.1156,298.9607,963.8157
3.1158,298.8712,963.537
3.1165,298.7368,963.1183
3.1163,298.6472,962.8392
3.1161,298.5128,962.4203
3.1167,298.4232,962.1411
3.1166,298.2888,961.7223
3.1168,298.1992,961.4432
3.117,298.0649,961.0246
3.1168,297.9753,960.7452
3.1172,297.8408,960.3261
3.1176,297.7513,960.0472
3.1173,297.6169,959.6284
3.1178,297.5274,959.3492
3.1177,297.393,958.9302
3.1178,297.3035,958.6512
3.1179,297.1691,958.2322
3.118,297.0789,957.9509
3.1185,296.9452,957.5343
3.1186,296.8109,957.1154
3.1185,296.7214,956.8363
3.119,296.5871,956.4175
3.1189,296.4975,956.1382
3.1194,296.3633,955.7197
3.1193,296.2737,955.4403
3.1192,296.1395,955.0216
3.1195,296.0499,954.7422
3.1194,295.9156,954.3233
3.1196,295.8261,954.0441
3.1199,295.6918,953.6254
3.1199,295.6023,953.3463
3.1203,295.4681,952.9274
3.1201,295.3786,952.6482
3.1203,295.2444,952.2294
3.1203,295.1548,951.9501
3.1207,295.0206,951.5313
3.1207,294.9312,951.2521
3.1211,294.7967,950.8327
3.1209,294.7075,950.5542
3.121,294.5732,950.1354
3.1215,294.4838,949.8561
3.1215,294.3495,949.4371
3.1215,294.2154,949.0185
3.1215,294.1257,948.7386
3.1218,293.9917,948.3205
3.1222,293.9015,948.0389
3.1221,293.7681,947.6224
3.1222,293.6787,947.3434
3.1224,293.5445,946.9244
3.1222,293.4551,946.6453
3.1226,293.3209,946.2263
3.1224,293.231,945.9455
3.1227,293.0969,945.5268
3.123,293.0074,945.2475
3.1232,292.8734,944.8289
3.1231,292.7839,944.5497
3.1232,292.6498,944.1309
3.1236,292.5604,943.8515
3.1234,292.4263,943.4327
3.1235,292.3369,943.1536
3.1236,292.2028,942.7348
3.1238,292.1134,942.4556
3.1243,291.9793,942.0368
3.1241,291.8452,941.618
3.1242,291.7559,941.3391
3.1245,291.6218,940.92
3.1244,291.5323,940.6406
3.1244,291.3982,940.2216
3.1247,291.309,939.9427
3.1247,291.1749,939.5239
3.1248,291.0855,939.2446
3.1248,290.9514,938.8258
3.125,290.8624,938.5475
3.1254,290.7268,938.1238
3.1252,290.6374,937.8445
3.1252,290.5034,937.4257
3.1254,290.414,937.1464
3.1254,290.28,936.7275
3.126,290.1907,936.4484
3.1257,290.0567,936.0297
3.1261,289.9673,935.7503
3.1264,289.8326,935.3292
3.1264,289.744,935.0524
3.1262,289.61,934.6335
3.1264,289.4756,934.2134
3.1269,289.3863,933.9341
3.1269,289.2524,933.5155
3.1268,289.1631,933.2362
3.127,289.0291,932.8174
3.1271,288.9398,932.538
3.1273,288.8058,932.1193
3.1273,288.7165,931.84
3.1276,288.5826,931.4211
3.1276,288.4934,931.1423
3.1279,288.3594,930.7233
3.1278,288.2701,930.4441
3.128,288.1362,930.0253
3.1282,288.0469,929.746
3.1285,287.9131,929.3274
3.1283,287.8238,929.048
3.1289,287.6899,928.6293
3.129,287.6006,928.3498
3.1291,287.4668,927.9312
3.1291,287.3775,927.6519
3.1292,287.2437,927.2332
3.1293,287.1545,926.954
3.1299,287.0206,926.535
3.1299,286.8867,926.1161
3.1303,286.7975,925.837
3.1304,286.6638,925.4183
3.1304,286.5746,925.1392
3.1308,286.4408,924.7203
3.1312,286.3515,924.441
3.1308,286.2178,924.0223
3.1313,286.1285,923.743
3.1311,285.9948,923.3242
3.1317,285.9056,923.0449
3.1315,285.7719,922.6262
3.1318,285.6818,922.3441
3.1324,285.548,921.9252
3.1321,285.4589,921.6462
3.1324,285.3252,921.2274
3.1329,285.2361,920.9482
3.1326,285.1024,920.5295
3.133,285.0132,920.2502
3.1333,284.8795,919.8315
3.1334,284.7904,919.5522
3.1334,284.6567,919.1332
3.1338,284.5231,918.7147
3.134,284.434,918.4355
3.1346,284.3004,918.0167
3.1346,284.2112,917.7373
3.135,284.0776,917.3185
3.1349,283.9885,917.0393
3.1354,283.8549,916.6204
3.1357,283.7658,916.3413
3.1357,283.6322,915.9225
3.1359,283.5432,915.6432
3.1361,283.4096,915.2245
3.1362,283.3206,914.9453
3.1366,283.1852,914.5209
3.1366,283.0951,914.2382
3.1372,282.9626,913.8228
3.1373,282.8736,913.5436
3.1373,282.7401,913.1248
3.1378,282.6512,912.8457
3.1378,282.5177,912.427
3.138,282.4287,912.1477
3.1381,282.2952,911.7289
3.1385,282.2061,911.4493
3.1387,282.0727,911.0307
3.139,281.9393,910.6119
3.139,281.8503,910.3327
3.1397,281.7167,909.9133
3.1394,281.628,909.6348
3.1401,281.4946,909.2162
3.1402,281.4056,908.9367
3.1405,281.2722,908.5179
3.1404,281.1832,908.2385
3.141,281.0499,907.8199
3.141,280.9611,907.5408
3.1415,280.8277,907.122
3.1413,280.7388,906.8428
3.1416,280.6055,906.424
3.1418,280.5166,906.1448
3.1424,280.3832,905.7258
3.1425,280.2944,905.4468
3.1427,280.1611,905.0278
3.1425,280.0723,904.7488
3.1427,279.939,904.3301
3.1434,279.8501,904.0508
3.1433,279.7168,903.6318
3.1436,279.5836,903.213
3.1442,279.4948,902.934
3.1441,279.3615,902.515
3.1443,279.2728,902.2361
3.1445,279.1396,901.8173
3.1445,279.0508,901.5379
3.1452,278.9176,901.1193
3.145,278.8288,900.8399
3.1454,278.6956,900.4211
3.1456,278.6068,900.1418
3.146,278.4736,899.723
3.1458,278.3848,899.4437
3.146,278.2517,899.0251
3.1464,278.163,898.746
3.1465,278.0298,898.3271
3.1472,277.9411,898.0478
3.1472,277.808,897.6291
3.1474,277.7192,897.3498
3.1472,277.5862,896.9311
3.1474,277.4974,896.6517
3.1475,277.3644,896.2331
3.1481,277.2313,895.8143
3.148,277.1426,895.5352
3.1483,277.0096,895.1163
3.1484,276.9201,894.8349
3.1487,276.7873,894.4168
3.1486,276.6986,894.1376
3.1488,276.5657,893.7189
3.149,276.477,893.4398
3.1497,276.344,893.0209
3.1494,276.2553,892.7416
3.1502,276.1223,892.323
3.1501,276.0337,892.0436
3.1506,275.9007,891.625
3.1502,275.812,891.3456
3.1506,275.6791,890.9269
3.1505,275.5905,890.6478
3.1509,275.4576,890.229
3.1513,275.3689,889.9496
3.1513,275.236,889.5309
3.1514,275.1474,889.2517
3.1518,275.0146,888.8332
3.1516,274.9259,888.5538
3.1518,274.7929,888.1347
3.152,274.6601,887.7162
3.1526,274.5715,887.437
3.1524,274.4386,887.018
3.1528,274.3498,886.738
3.1527,274.2172,886.3202
3.153,274.1286,886.0407
3.1533,273.9947,885.6186
3.1536,273.9072,885.3429
3.1536,273.7745,884.9244
3.1538,273.6859,884.645
3.1539,273.5531,884.2263
3.1546,273.4646,883.947
3.1542,273.3317,883.5281
3.1544,273.2433,883.249
3.1544,273.1104,882.8301
3.1547,273.0219,882.551
3.155,272.8892,882.1323
3.1552,272.8007,881.8531
3.1552,272.6679,881.4343
3.1555,272.5794,881.1549
3.1558,272.4467,880.7361
3.1561,272.314,880.3175
3.1561,272.2256,880.0385
3.1562,272.0927,879.6193
3.1568,272.0043,879.3401
3.1567,271.8716,878.9213
3.1567,271.7832,878.6425
3.1568,271.6505,878.2235
3.1572,271.5618,877.9437
3.1571,271.4291,877.5248
3.1575,271.3409,877.2462
3.1578,271.2083,876.8275
3.1579,271.1198,876.5483
3.1579,270.9871,876.1291
3.1583,270.8988,875.8503
3.1586,270.7661,875.4315
3.1583,270.6777,875.1523
3.1587,270.5451,874.7335
3.159,270.4567,874.4543
3.1588,270.3241,874.0355
3.1595,270.2358,873.7565
3.1591,270.1031,873.3375
3.16,269.9702,872.9173
3.1599,269.8818,872.6382
3.1599,269.7492,872.2194
3.1598,269.6608,871.9402
3.1604,269.5282,871.5212
3.1602,269.4399,871.2421
3.1607,269.3073,870.8232
3.1609,269.2191,870.5443
3.1613,269.0865,870.1253
3.161,268.9979,869.8453
3.1611,268.8654,869.4266
3.1613,268.7774,869.1483
3.1614,268.6448,868.7293
3.1616,268.5565,868.4501
3.1619,268.424,868.0312
3.162,268.3357,867.7521
3.1621,268.2031,867.3329
3.1621,268.115,867.0541
3.1626,267.9816,866.6325
3.1624,267.8933,866.3531
3.1628,267.761,865.9348
3.1628,267.6711,865.6505
3.1629,267.5396,865.2349
3.1631,267.4066,864.8143
3.1633,267.3179,864.5337
3.1633,267.1862,864.117
3.1642,267.0979,863.8376
3.1639,266.9655,863.4189
3.1641,266.8773,863.1398
3.1639,266.7448,862.7209
3.1642,266.6566,862.4417
3.1649,266.5242,862.0229
3.1646,266.4352,861.741
3.1651,266.3028,861.3223
3.165,266.2146,861.0431
3.1652,266.0822,860.6243
3.1653,265.994,860.3451
3.1653,265.8617,859.9261
3.1654,265.7719,859.6422
3.1656,265.6411,859.2281
3.1656,265.5529,858.949
3.166,265.4206,858.5302
3.1666,265.3324,858.251
3.1662,265.2002,857.8323
3.1664,265.0679,857.4135
3.1667,264.9797,857.1342
3.1667,264.8475,856.7156
3.1673,264.7593,856.4363
3.1669,264.627,856.0176
3.1669,264.5389,855.7385
3.1677,264.4066,855.3195
3.1674,264.3185,855.0403
3.168,264.1862,854.6216
3.1678,264.0981,854.3423
3.1678,263.9659,853.9236
3.1682,263.8777,853.6442
3.1683,263.7455,853.2256
3.1685,263.6573,852.9462
3.1684,263.5252,852.5276
3.1685,263.437,852.2484
3.1688,263.3048,851.8295
3.1688,263.2165,851.5496
3.169,263.0836,851.1287
3.1692,262.9954,850.8486
3.1692,262.8634,850.4308
3.1697,262.7313,850.012
3.1698,262.6432,849.7328
3.1699,262.511,849.314
3.1699,262.4229,849.0349
3.1702,262.291,848.6165
3.1701,262.2016,848.3334
3.1702,262.0703,847.9172
3.1704,261.9825,847.6389
3.1706,261.8504,847.2199
3.1713,261.7624,846.9409
3.1709,261.6302,846.522
3.1714,261.5421,846.2426
3.1709,261.4101,845.8241
3.1709,261.3221,845.5449
3.1717,261.19,845.1261
3.1716,261.1019,844.8469
3.172,260.9698,844.428
3.1719,260.8817,844.1487
3.1721,260.7497,843.73
3.1722,260.6604,843.4468
3.172,260.5283,843.0279
3.1727,260.4404,842.7488
3.1723,260.3076,842.3278
3.1728,260.1763,841.9113
3.1728,260.0882,841.6319
3.173,259.9563,841.2133
3.1729,259.8672,840.9306
3.1729,259.7363,840.5153
3.173,259.6482,840.236
3.1731,259.5163,839.8173
3.1738,259.4282,839.538
3.1736,259.2963,839.1193
3.1735,259.2083,838.84
3.1736,259.0763,838.4214
3.1738,258.9883,838.1422
3.1738,258.8564,837.7234
3.174,258.7684,837.4442
3.1744,258.6364,837.0253
3.1743,258.5485,836.7462
3.1747,258.4165,836.3274
3.175,258.3286,836.0483
3.1747,258.1967,835.6296
3.1748,258.1087,835.3502
3.1754,257.9767,834.9313
3.1756,257.8441,834.5104
3.1758,257.7568,834.2332
3.1751,257.625,833.8146
3.1754,257.537,833.5354
3.1758,257.4052,833.1166
3.1756,257.3172,832.8375
3.1758,257.1853,832.4187
3.1758,257.0967,832.1374
3.1763,256.9651,831.7194
3.1761,256.8772,831.4401
3.1765,256.7446,831.0192
3.1764,256.6574,830.7421
3.1763,256.5255,830.3234
3.1769,256.4376,830.0441
3.1766,256.3058,829.6254
3.177,256.2179,829.3462
3.1767,256.0863,828.9283
3.177,255.9981,828.6481
3.1772,255.8652,828.2258
3.1772,255.7784,827.9501
3.1773,255.6466,827.5314
3.1775,255.5587,827.2522
3.1774,255.4269,826.8336
3.1777,255.2951,826.4147
3.1777,255.2072,826.1355
3.178,255.0754,825.7167
3.1779,254.9873,825.4367
3.1785,254.8557,825.0187
3.1784,254.7679,824.7395
3.1782,254.6361,824.3206
3.1784,254.5482,824.0415
3.1791,254.4164,823.6226
3.1787,254.3286,823.3434
3.179,254.1969,822.9248
3.1788,254.109,822.6456
3.1791,253.9773,822.2269
3.1791,253.8894,821.9476
3.1791,253.7577,821.5289
3.1791,253.6699,821.2496
3.1791,253.5382,820.831
3.1795,253.4503,820.5517
3.1795,253.3186,820.1329
3.1796,253.2308,819.8539
3.1797,253.099,819.4349
3.1798,252.9673,819.0161
3.1799,252.8795,818.737
3.1802,252.7478,818.3182
3.1807,252.66,818.0389
3.1808,252.5283,817.6202
3.1804,252.44,817.3394
3.1804,252.3084,816.9208
3.181,252.2205,816.6415
3.1812,252.0889,816.2228
3.1807,252.0011,815.9437
3.1813,251.8694,815.5248
3.1811,251.7816,815.2457
3.181,251.6497,814.8259
3.1811,251.5622,814.5475
3.1814,251.4296,814.1259
3.1813,251.3419,813.8469
3.1813,251.2102,813.428
3.1816,251.1224,813.1488
3.1821,250.9908,812.7302
3.1819,250.9016,812.4461
3.1819,250.7714,812.0319
3.1824,250.6398,811.6134
3.1825,250.5521,811.3342
3.1825,250.4205,810.9153
3.1825,250.3327,810.6362
3.1826,250.2011,810.2172
3.1825,250.1134,809.9382
3.1826,249.9818,809.5194
3.1826,249.894,809.2401
3.1835,249.7624,808.8214
3.1829,249.674,808.5402
3.183,249.5431,808.1234
3.183,249.4554,807.8443
3.1836,249.3238,807.4253
3.1833,249.2361,807.1462
3.1832,249.1045,806.7275
3.1833,249.0168,806.4481
3.1839,248.8851,806.0292
3.1837,248.7971,805.7488
3.1838,248.6655,805.33
3.1837,248.5778,805.0508
3.1839,248.4463,804.6321
3.1842,248.3586,804.353
3.1841,248.2271,803.9341
3.1842,248.0955,803.5153
3.1846,248.0078,803.236
3.1849,247.876,802.8165
3.1847,247.7886,802.5381
3.1848,247.6571,802.1194
3.1847,247.5694,801.8402
3.1848,247.4379,801.4213
3.1855,247.3502,801.1421
3.1854,247.2187,800.7233
3.1851,247.131,800.444
3.1856,246.9996,800.0255
3.1856,246.9119,799.7462
3.1854,246.7804,799.3274
3.1855,246.6927,799.0482
3.1854,246.5612,798.6293
3.186,246.4736,798.3501
3.186,246.3421,797.9313
3.1859,246.2545,797.6522
3.1859,246.123,797.2333
3.186,246.0354,796.9543
3.1867,245.9039,796.5353
3.1862,245.7724,796.1165
3.1863,245.6848,795.8373
3.1867,245.5534,795.4186
3.1867,245.4658,795.1395
3.1867,245.3343,794.7207
3.1867,245.2467,794.4415
3.1868,245.1152,794.0226
3.1867,245.0276,793.7436
3.1871,244.8962,793.3246
3.1872,244.8086,793.0454
3.1872,244.6772,792.6268
3.187,244.5895,792.3474
3.1874,244.4577,791.9272
3.1875,244.369,791.6445
3.1876,244.2387,791.2294
3.1879,244.1511,790.9502
3.1881,244.0197,790.5313
3.1881,243.9321,790.2523
3.1877,243.7989,789.8278
3.1879,243.7113,789.5486
3.1884,243.58,789.1298
3.1882,243.4486,788.7111
3.1884,243.361,788.4318
3.1886,243.2292,788.0117
3.1884,243.1417,787.7325
3.1889,243.0103,787.3137
3.1887,242.9227,787.0345
3.1888,242.7914,786.6158
3.1886,242.7038,786.3366
3.1888,242.5724,785.9178
3.1889,242.4849,785.6386
3.1891,242.3535,785.2195
3.1891,242.266,784.9406
3.1891,242.1346,784.5217
3.1892,242.0467,784.2412
3.1893,241.9153,783.8223
3.1893,241.8267,783.5397
3.1897,241.6964,783.1243
3.1896,241.6089,782.8452
3.1896,241.4776,782.4265
3.1899,241.39,782.1472
3.1901,241.2588,781.7285
3.1901,241.1713,781.4495
3.1902,241.04,781.0307
3.1902,240.9083,780.6108
3.1902,240.821,780.3324
3.1904,240.6898,779.9136
3.1907,240.6023,779.6345
3.1906,240.4709,779.2156
3.1905,240.3835,778.9367
3.1907,240.2522,778.5178
3.1906,240.1647,778.2387
3.1908,240.0334,777.8198
3.1909,239.9459,777.5406
3.1912,239.8145,777.1215
3.1912,239.7271,776.8425
3.191,239.5959,776.4238
3.1914,239.5083,776.1445
3.1916,239.3771,775.7257
3.1912,239.2896,775.4464
3.1915,239.1584,775.0278
3.1912,239.0708,774.7485
3.1916,238.9394,774.329
3.1917,238.8523,774.0511
3.1918,238.7209,773.6318
3.1919,238.5897,773.2131
3.1923,238.5022,772.934
3.1919,238.371,772.515
3.1921,238.2835,772.2358
3.192,238.1523,771.817
3.1921,238.0649,771.5378
3.1924,237.9337,771.1191
3.1924,237.8462,770.8398
3.1929,237.715,770.4211
3.1931,237.6275,770.1419
3.1928,237.4963,769.7231
3.1926,237.4086,769.4431
3.1929,237.2762,769.0203
3.1928,237.1902,768.746
3.193,237.0591,768.3272
3.1931,236.9716,768.048
3.1933,236.8404,767.629
3.1935,236.751,767.3436
3.1931,236.6218,766.9312
3.1934,236.5344,766.6519
3.1938,236.4032,766.2332
3.1933,236.3158,765.9539
3.1936,236.1846,765.535
3.1937,236.0535,765.1164
3.1938,235.966,764.8371
3.194,235.8349,764.4183
3.1939,235.7475,764.1393
3.194,235.6163,763.7203
3.1938,235.5289,763.4413
3.1941,235.3978,763.0225
3.1941,235.3104,762.7433
3.1944,235.1792,762.3243
3.1949,235.0918,762.0453
3.1946,234.9607,761.6265
3.1945,234.8733,761.3474
3.1943,234.7422,760.9285
3.1949,234.6547,760.6492
3.1949,234.5236,760.2303
3.1947,234.4362,759.9512
3.1949,234.3052,759.5326
3.1951,234.2178,759.2534
3.1954,234.0867,758.8348
3.195,233.9992,758.5553
3.1953,233.8682,758.1367
3.1956,233.7371,757.7178
3.1956,233.6497,757.4387
3.1954,233.5186,757.0198
3.1954,233.4313,756.7407
3.1955,233.3002,756.3219
3.1954,233.2128,756.0427
3.1958,233.0818,755.624
3.196,232.9941,755.3439
3.1961,232.8633,754.926
3.196,232.7759,754.6468
3.1959,232.6449,754.2278
3.196,232.5575,753.9487
3.1965,232.4265,753.53
3.1967,232.3391,753.2507
3.1963,232.208,752.8318
3.1964,232.1207,752.5527
3.1965,231.9897,752.134
3.1965,231.9024,751.8549
3.1966,231.7713,751.4361
3.1968,231.6837,751.1561
3.1967,231.5529,750.738
3.1968,231.4218,750.3191
3.1972,231.3345,750.0401
3.1967,231.2035,749.6212
3.197,231.1162,749.342
3.197,230.9852,748.9235
3.1973,230.8978,748.6441
3.1972,230.7668,748.2252
3.1971,230.6795,747.9461
3.1973,230.5485,747.5273
3.1976,230.4611,747.248
3.1974,230.3301,746.8292
3.1977,230.2432,746.5511
3.1978,230.1106,746.1271
3.1978,230.0232,745.848
3.1983,229.8922,745.4291
3.198,229.8049,745.1499
3.1982,229.6735,744.7299
3.1978,229.5861,744.4504
3.1984,229.4552,744.0316
3.1982,229.3679,743.7526
3.1981,229.237,743.3339
3.1983,229.1494,743.054
3.1982,229.0188,742.636
3.1985,228.8878,742.2172
3.1986,228.8004,741.9379
3.1986,228.6695,741.5191
3.1988,228.5822,741.2398
3.1988,228.4512,740.8209
3.199,228.364,740.542
3.1989,228.233,740.1231
3.1991,228.1457,739.844
3.1994,228.0143,739.4237
3.1989,227.9271,739.1447
3.199,227.7962,738.7258
3.1994,227.7088,738.4465
3.1993,227.5779,738.0278
3.199,227.4907,737.7486
3.1995,227.3598,737.3298
3.1997,227.2724,737.0505
3.1999,227.1416,736.632
3.1996,227.0543,736.3526
3.2,226.9234,735.9338
3.2001,226.8361,735.6547
3.1996,226.7052,735.2359
3.1996,226.5743,734.817
3.2002,226.4871,734.5379
3.2,226.3562,734.1191
3.2001,226.2689,733.8398
3.2,226.138,733.4211
3.2001,226.0508,733.1419
3.2005,225.9199,732.7231
3.2003,225.8326,732.4437
3.2006,225.7008,732.0221
3.2004,225.6136,731.7429
3.2004,225.4828,731.3243
3.2005,225.3955,731.0451
3.2009,225.2646,730.6263
3.2005,225.1774,730.347
3.2007,225.0465,729.9282
3.2009,224.9593,729.649
3.201,224.8285,729.2304
3.2014,224.7412,728.9512
3.2009,224.6103,728.5322
3.2012,224.5231,728.2532
3.2014,224.3923,727.8345
3.2011,224.2614,727.4155
3.2011,224.1742,727.1364
3.2012,224.0434,726.7175
3.2017,223.9562,726.4384
3.2019,223.8253,726.0194
3.2014,223.7381,725.7402
3.2015,223.6072,725.3215
3.2019,223.5201,725.0424
3.2019,223.3892,724.6235
3.2018,223.302,724.3445
3.2022,223.171,723.925
3.2024,223.0841,723.6466
3.2019,222.9532,723.2277
3.2021,222.866,722.9485
3.2025,222.7351,722.5296
3.2024,222.648,722.2505
3.2023,222.5172,721.8317
3.2022,222.4302,721.5531
3.2023,222.2992,721.1337
3.2026,222.212,720.8546
3.2024,222.0804,720.433
3.2024,221.994,720.1566
3.203,221.8632,719.7377
3.2026,221.7325,719.3191
3.2028,221.6452,719.0398
3.2025,221.5145,718.621
3.2028,221.4266,718.3396
3.2028,221.2965,717.9231
3.2031,221.2094,717.644
3.2028,221.0785,717.225
3.2028,220.9914,716.9459
3.2033,220.8603,716.5262
3.203,220.7734,716.2479
3.2031,220.6422,715.8276
3.2032,220.5551,715.5485
3.2031,220.4243,715.1297
3.2032,220.3371,714.8503
3.2033,220.2064,714.4317
3.2037,220.119,714.1517
3.2037,219.9885,713.7339
3.2034,219.9013,713.4546
3.2037,219.7706,713.0358
3.2037,219.6834,712.7566
3.2037,219.5526,712.3377
3.2038,219.4212,711.9169
3.2038,219.3347,711.6398
3.204,219.2041,711.2211
3.204,219.1168,710.9417
3.2042,218.9858,710.5217
3.2043,218.8986,710.2425
3.2043,218.7679,709.8237
3.2045,218.6807,709.5444
3.2044,218.5499,709.1254
3.2042,218.4629,708.8465
3.2042,218.3321,708.4276
3.2042,218.245,708.1484
3.2045,218.1143,707.7297
3.2044,218.0272,707.4505
3.2047,217.8965,707.0317
3.2046,217.8094,706.7526
3.2047,217.6787,706.3338
3.2046,217.5915,706.0545
3.2052,217.4608,705.6357
3.2049,217.3732,705.355
3.2051,217.243,704.9378
3.2055,217.1559,704.6588
3.2051,217.0248,704.2385
3.2052,216.8941,703.8196
3.2051,216.807,703.5405
3.2056,216.6763,703.1217
3.2054,216.5892,702.8424
3.2058,216.4586,702.4238
3.2058,216.3714,702.1445
3.2055,216.2408,701.7259
3.2059,216.1536,701.4465
3.2056,216.0229,701.0276
3.2056,215.9359,700.7486
3.2058,215.8052,700.3298
3.2056,215.7181,700.0507
3.2059,215.5874,699.6317
3.2058,215.4997,699.3506
3.2058,215.3688,698.931
3.2058,215.2817,698.6518
3.2062,215.151,698.233
3.206,215.064,697.954
3.2065,214.9329,697.5336
3.2064,214.8459,697.2547
3.2061,214.7152,696.8358
3.2064,214.5845,696.4168
3.2068,214.4974,696.1376
3.2063,214.3668,695.7188
3.2065,214.2797,695.4397
3.2069,214.1491,695.0209
3.2068,214.062,694.7416
3.2065,213.9314,694.3231
3.2065,213.8443,694.0436
3.2066,213.7137,693.625
3.2069,213.6266,693.3458
3.2068,213.496,692.9269
3.2068,213.4089,692.6478
3.2068,213.2783,692.2291
3.2069,213.1913,691.95
3.2073,213.06,691.5291
3.2072,212.9735,691.2518
3.2073,212.8428,690.8325
3.2072,212.7546,690.5496
3.2071,212.624,690.131
3.207,212.537,689.8519
3.2076,212.4063,689.4328
3.2075,212.2758,689.0142
3.2075,212.1887,688.7348
3.2077,212.0581,688.3162
3.2074,211.9711,688.037
3.2079,211.8404,687.618
3.2073,211.7532,687.3383
3.2074,211.6228,686.9202
3.2077,211.5358,686.6412
3.2079,211.4052,686.2223
3.2076,211.3182,685.9431
3.2078,211.1876,685.5242
3.2077,211.1005,685.245
3.2079,210.97,684.8264
3.2079,210.883,684.5472
3.2081,210.7524,684.1285
3.2082,210.6653,683.8492
3.2081,210.5348,683.4304
3.208,210.4477,683.1511
3.2082,210.3171,682.7322
3.2083,210.2301,682.4532
3.2084,210.0999,682.0353
3.2086,210.0126,681.7552
3.2084,209.882,681.3364
3.2086,209.7513,680.9169
3.2086,209.6645,680.6384
3.2093,209.5338,680.2194
3.2089,209.4469,679.9404
3.2087,209.3163,679.5215
3.2092,209.2293,679.2425
3.2087,209.0988,678.8237
3.2087,209.0117,678.5444
3.2087,208.8812,678.1258
3.2088,208.7942,677.8466
3.2089,208.6637,677.4277
3.2091,208.5767,677.1488
3.2094,208.4462,676.73
3.2093,208.3591,676.4505
3.2092,208.2286,676.0319
3.2091,208.1416,675.7525
3.2096,208.0111,675.3337
3.2093,207.9241,675.0546
3.2093,207.7935,674.6355
3.2093,207.7066,674.3566
3.2094,207.576,673.9377
3.2094,207.4457,673.5193
3.2095,207.3586,673.2398
3.2095,207.2281,672.821
3.2096,207.1411,672.5419
3.2097,207.0106,672.1232
3.2101,206.9236,671.8441
3.21,206.7923,671.4228
3.2098,206.706,671.1457
3.2097,206.5755,670.7269
3.2099,206.4886,670.448
3.21,206.3581,670.0292
3.2098,206.2713,669.7506
3.21,206.1406,669.3311
3.2103,206.0537,669.0522
3.2101,205.9217,668.6284
3.2101,205.8349,668.3497
3.2107,205.7044,667.931
3.2102,205.6174,667.6518
3.2104,205.487,667.233
3.2107,205.3998,666.9531
3.2104,205.2695,666.535
3.2104,205.1391,666.1162
3.2107,205.0521,665.837
3.211,204.9216,665.4182
3.2108,204.8346,665.1389
3.2105,204.7042,664.7203
3.2106,204.6172,664.441
3.2108,204.4867,664.0222
3.2107,204.3998,663.743
3.2111,204.2693,663.3242
3.2107,204.1824,663.0453
3.2108,204.0519,662.6264
3.2112,203.965,662.3472
3.211,203.8345,661.9284
3.2108,203.7475,661.6491
3.2112,203.6171,661.2303
3.211,203.5301,660.9511
3.211,203.3997,660.5324
3.2114,203.3128,660.2532
3.2114,203.1823,659.8343
3.2113,203.0954,659.5552
3.2116,202.9649,659.1361
3.2112,202.8779,658.8569
3.2114,202.7476,658.4384
3.2115,202.6172,658.0196
3.2113,202.5302,657.7404
3.2118,202.3998,657.3215
3.2116,202.3129,657.0425
3.2116,202.1824,656.6237
3.2117,202.0955,656.3445
3.2116,201.9651,655.9257
3.2117,201.8781,655.6464
3.2117,201.7478,655.228
3.2119,201.6608,654.9487
3.2119,201.5304,654.5298
3.2119,201.4434,654.2505
3.2119,201.313,653.8319
3.2122,201.2261,653.5527
3.2121,201.0957,653.1339
3.2119,201.0088,652.8549
3.2123,200.8784,652.4357
3.2121,200.7915,652.1567
3.2126,200.6611,651.7379
3.2122,200.5741,651.4585
3.2122,200.4438,651.0399
3.2125,200.3133,650.6209
3.2128,200.2265,650.3419
3.2129,200.096,649.9229
3.2124,200.0092,649.644
3.2126,199.8787,649.2249
3.2129,199.7918,648.9457
3.2128,199.6614,648.527
3.2126,199.5745,648.2478
3.2125,199.4442,647.8291
3.2127,199.3573,647.5499
3.2129,199.2268,647.1309
3.2133,199.1398,646.8513
3.2126,199.0096,646.4331
3.2133,198.9225,646.1533
3.2129,198.7923,645.7352
3.213,198.7051,645.455
3.2129,198.575,645.0371
3.2133,198.4882,644.7582
3.2129,198.3578,644.3391
3.2131,198.2709,644.0599
3.2131,198.1405,643.6411
3.2133,198.0102,643.2224
3.2138,197.9233,642.9431
3.2135,197.793,642.5244
3.2135,197.7061,642.2452
3.2136,197.5757,641.8264
3.2132,197.4888,641.5472
3.2136,197.3585,641.1284
3.2136,197.2716,640.8492
3.2138,197.1412,640.4302
3.2136,197.0543,640.1511
3.2138,196.924,639.7324
3.2135,196.8371,639.4531
3.2137,196.7068,639.0345
3.2142,196.6199,638.7553
3.2141,196.4896,638.3365
3.2138,196.4027,638.0573
3.2138,196.2712,637.6349
3.2139,196.1855,637.3593
3.2142,196.0551,636.9404
3.2141,195.9682,636.6613
3.2141,195.838,636.2426
3.2142,195.7511,635.9633
3.214,195.6208,635.5447
3.2142,195.4905,635.1257
3.2141,195.4036,634.8466
3.2143,195.2733,634.4277
3.2146,195.1864,634.1487
3.2143,195.0561,633.7297
3.2142,194.9692,633.4505
3.2147,194.8389,633.0316
3.2143,194.7521,632.7525
3.2144,194.6209,632.3309
3.2149,194.534,632.0518
3.2145,194.403,631.6307
3.2144,194.3168,631.3538
3.2145,194.1866,630.935
3.2147,194.0997,630.6558
3.2151,193.9694,630.2371
3.2145,193.8826,629.9579
3.2152,193.7522,629.539
3.2151,193.6654,629.2599
3.2147,193.5351,628.8412
3.215,193.4482,628.5618
3.2153,193.318,628.1432
3.2148,193.1876,627.7242
3.215,193.1008,627.4453
3.2156,192.9705,627.0263
3.215,192.8838,626.7474
3.2152,192.7534,626.3283
3.2151,192.6666,626.0491
3.2154,192.5352,625.6266
3.2156,192.4494,625.3511
3.2156,192.3175,624.9268
3.2154,192.2306,624.6475
3.2154,192.1003,624.2285
3.2153,192.0135,623.9496
3.2156,191.8833,623.5308
3.2156,191.7964,623.2515
3.2157,191.6662,622.8328
3.2156,191.5793,622.5535
3.2156,191.4491,622.1348
3.2156,191.3622,621.8557
3.2159,191.2311,621.4341
3.2159,191.1443,621.1549
3.2163,191.014,620.7361
3.2156,190.9271,620.4568
3.2159,190.7969,620.0382
3.2157,190.6658,619.6165
3.216,190.579,619.3375
3.2164,190.4483,618.9172
3.216,190.3612,618.6371
3.2163,190.2313,618.2192
3.2162,190.1444,617.9401
3.2167,190.0142,617.5212
3.2164,189.9274,617.242
3.2163,189.7971,616.8232
3.2161,189.7103,616.5439
3.2163,189.58,616.1251
3.2163,189.4933,615.846
3.2164,189.363,615.427
3.2163,189.2762,615.1478
3.2164,189.146,614.729
3.2167,189.0591,614.4498
3.2162,188.929,614.0312
3.2166,188.8418,613.7509
3.2166,188.7119,613.3332
3.2164,188.6251,613.054
3.2165,188.4946,612.6342
3.2166,188.3645,612.2157
3.2166,188.2779,611.9372
3.2169,188.1476,611.5183
3.217,188.0609,611.2393
3.217,187.9306,610.8205
3.2173,187.8439,610.5413
3.2166,187.7136,610.1226
3.2168,187.6268,609.8432
3.217,187.4967,609.4247
3.2169,187.4096,609.1445
3.2172,187.2796,608.7266
3.2169,187.1928,608.4473
3.217,187.0627,608.0287
3.2171,186.9758,607.7494
3.2171,186.8457,607.3306
3.2173,186.7588,607.0512
3.2172,186.6287,606.6326
3.2173,186.5418,606.3532
3.2171,186.4117,605.9344
3.2176,186.3249,605.6553
3.2172,186.1947,605.2364
3.2177,186.0645,604.8177
3.2175,185.9777,604.5384
3.2173,185.8476,604.1198
3.2179,185.7608,603.8407
3.2175,185.6291,603.4169
3.2175,185.5438,603.1425
3.2177,185.4136,602.7237
3.2177,185.3269,602.4446
3.2175,185.1967,602.0259
3.2177,185.1099,601.7467
3.2178,184.9797,601.3279
3.2177,184.893,601.0488
3.2178,184.7628,600.6299
3.2177,184.676,600.3506
3.2179,184.5456,599.9313
3.2181,184.4591,599.6528
3.2178,184.3289,599.234
3.2182,184.2421,598.9547
3.2179,184.112,598.5359
3.2181,184.0251,598.2564
3.2181,183.8948,597.837
3.2184,183.8083,597.5588
3.2187,183.6781,597.1398
3.218,183.548,596.7212
3.2182,183.4612,596.4418
3.2183,183.3311,596.0233
3.2184,183.2442,595.7437
3.2184,183.1142,595.3251
3.2187,183.0273,595.0457
3.2184,182.8972,594.627
3.2186,182.8105,594.348
3.2186,182.6804,593.9292
3.2185,182.5936,593.6498
3.2186,182.4634,593.2309
3.219,182.377,592.9528
3.2189,182.2466,592.5332
3.2187,182.1598,592.254
3.2185,182.0296,591.8351
3.2192,181.9429,591.556
3.2187,181.8128,591.1373
3.219,181.726,590.858
3.2188,181.5959,590.4393
3.2191,181.5091,590.1601
3.2191,181.3791,589.7415
3.2191,181.249,589.3228
3.2187,181.1622,589.0435
3.2191,181.032,588.6246
3.2192,180.9453,588.3455
3.219,180.8152,587.9266
3.2194,180.7288,587.6485
3.2192,180.5981,587.2278
3.2192,180.5116,586.9495
3.2193,180.3815,586.5305
3.2198,180.2948,586.2515
3.2193,180.1647,585.8326
3.2194,180.0779,585.5534
3.2192,179.9478,585.1346
3.2194,179.8611,584.8554
3.2196,179.731,584.4366
3.2194,179.6443,584.1574
3.2196,179.5141,583.7385
3.2196,179.4274,583.4595
3.2198,179.2974,583.0408
3.2196,179.2106,582.7615
3.2197,179.0805,582.3427
3.2196,178.9504,581.9238
3.2196,178.8637,581.6449
3.2196,178.7336,581.226
3.2197,178.6469,580.9468
3.2198,178.5167,580.5279
3.2201,178.4301,580.2488
3.2199,178.3,579.8301
3.2199,178.2133,579.5509
3.2199,178.0832,579.1321
3.2198,177.9964,578.8528
3.2203,177.8664,578.4341
3.22,177.7792,578.1534
3.2198,177.6496,577.7361
3.2206,177.5629,577.4569
3.22,177.4328,577.0381
3.2205,177.3459,576.7582
3.2204,177.216,576.34
3.2206,177.1293,576.0607
3.2202,176.9988,575.6406
3.2204,176.9121,575.3614
3.2203,176.782,574.9426
3.2203,176.6953,574.6634
3.2204,176.5652,574.2444
3.2206,176.4352,573.8258
3.2205,176.3485,573.5464
3.2205,176.2185,573.1279
3.2207,176.1317,572.8486
3.2208,176.0016,572.4297
3.2206,175.915,572.1506
3.2209,175.7849,571.7319
3.221,175.6982,571.4527
3.2207,175.5682,571.0339
3.2208,175.4814,570.7546
3.2211,175.3514,570.3359
3.2209,175.2647,570.0566
3.2206,175.1346,569.6378
3.221,175.048,569.3588
3.2212,174.9179,568.9398
3.2213,174.8312,568.6608
3.221,174.7012,568.2419
3.2212,174.6145,567.9626
3.2211,174.4845,567.544
3.2211,174.3977,567.2646
3.2215,174.2677,566.8458
3.221,174.1377,566.427
3.2211,174.051,566.1479
3.2215,173.921,565.7289
3.2212,173.8343,565.4498
3.2214,173.7043,565.0311
3.2214,173.6176,564.7517
3.2214,173.4876,564.3331
3.2217,173.4009,564.0538
3.2213,173.2709,563.6351
3.2216,173.1842,563.3557
3.2215,173.0542,562.9371
3.2214,172.9675,562.6578
3.2219,172.8375,562.2391
3.2216,172.7508,561.9599
3.2219,172.6207,561.5408
3.2215,172.5341,561.2618
3.2219,172.4041,560.8431
3.2217,172.3174,560.5637
3.2219,172.1874,560.1452
3.2217,172.1007,559.8658
3.2221,171.9707,559.4473
3.2218,171.8841,559.1681
3.2217,171.7541,558.7493
3.222,171.6241,558.3307
3.2219,171.5375,558.0516
3.2222,171.4074,557.6324
3.222,171.3207,557.3531
3.2219,171.1908,556.9346
3.2222,171.104,556.6553
3.2223,170.9741,556.2366
3.222,170.8874,555.9574
3.2222,170.7574,555.5386
3.2224,170.671,555.2601
3.2226,170.5408,554.8404
3.2224,170.454,554.5609
3.2224,170.3241,554.1425
3.2223,170.2375,553.8633
3.2222,170.1075,553.4444
3.2222,170.0208,553.1652
3.2226,169.8909,552.7465
3.2226,169.8042,552.4673
3.2224,169.6742,552.0485
3.2227,169.5876,551.7692
3.2224,169.4576,551.3505
3.2224,169.3277,550.9318
3.2225,169.2408,550.6519
3.2227,169.111,550.2337
3.2229,169.0243,549.9545
3.2228,168.8944,549.5358
3.2227,168.8078,549.2567
3.2229,168.6778,548.8378
3.2227,168.5911,548.5586
3.2231,168.4612,548.1398
3.2228,168.3746,547.8607
3.2229,168.2446,547.442
3.2231,168.1579,547.1624
3.2227,168.028,546.7439
3.223,167.9414,546.4647
3.2231,167.8114,546.0459
3.2233,167.7248,545.7668
3.2231,167.5948,545.348
3.223,167.5082,545.0687
3.2234,167.3782,544.6498
3.2233,167.2916,544.3705
3.2231,167.1617,543.9518
3.2231,167.0317,543.533
3.2231,166.945,543.2536
3.2236,166.8151,542.8348
3.2237,166.7285,542.5557
3.2234,166.5986,542.137
3.2236,166.5119,541.8577
3.2238,166.382,541.439
3.2235,166.2954,541.1597
3.2236,166.1646,540.7382
3.2236,166.078,540.4591
3.2239,165.948,540.0402
3.2237,165.8613,539.7609
3.2237,165.7307,539.3397
3.2238,165.6448,539.063
3.2241,165.5149,538.6441
3.2236,165.4282,538.3649
3.2237,165.2984,537.9466
3.2237,165.2112,537.6655
3.2241,165.0813,537.2468
3.224,164.9948,536.9677
3.2241,164.8648,536.5488
3.2243,164.7782,536.2697
3.224,164.6483,535.851
3.224,164.5184,535.432
3.2241,164.4303,535.1481
3.2238,164.3019,534.7342
3.2245,164.2153,534.455
3.224,164.0853,534.0359
3.2245,163.9987,533.757
3.2243,163.8688,533.3381
3.2244,163.7822,533.0588
3.2242,163.6523,532.6401
3.2241,163.5657,532.3608
3.2246,163.4358,531.942
3.2241,163.3492,531.6627
3.2244,163.2193,531.2441
3.2242,163.1327,530.9649
3.2245,163.0017,530.5426
3.2246,162.9162,530.2667
3.2248,162.7862,529.8478
3.2247,162.6997,529.5688
3.2244,162.5698,529.15
3.2247,162.4833,528.8711
3.2246,162.3533,528.4521
3.2245,162.2235,528.0334
3.2251,162.1369,527.7542
3.2247,162.007,527.3354
3.2252,161.9204,527.0562
3.2249,161.7905,526.6375
3.2248,161.7039,526.3582
3.2252,161.574,525.9395
3.225,161.4873,525.66
3.225,161.3575,525.2415
3.2249,161.2709,524.9622
3.2248,161.141,524.5435
3.225,161.0545,524.2643
3.2253,160.9247,523.8457
3.2248,160.838,523.5662
3.2253,160.7079,523.1469
3.2252,160.6216,522.8683
3.225,160.4917,522.4495
3.2252,160.4051,522.1703
3.225,160.2753,521.7517
3.2257,160.1886,521.4722
3.2252,160.0587,521.0533
3.2252,159.9289,520.6346
3.2257,159.8423,520.3554
3.2253,159.7125,519.9367
3.2252,159.6259,519.6575
3.2254,159.4961,519.2387
3.2252,159.4098,518.9605
3.2258,159.2797,518.5408
3.2254,159.1919,518.2578
3.2255,159.0632,517.8427
3.2255,158.9766,517.5635
3.2255,158.8468,517.1447
3.2258,158.7602,516.8654
3.2257,158.6291,516.4427
3.226,158.5425,516.1635
3.2255,158.4127,515.7448
3.2259,158.3261,515.4656
3.2259,158.1962,515.0467
3.2257,158.1097,514.7676
3.2262,157.9801,514.3494
3.2263,157.8925,514.067
3.2261,157.7625,513.6478
3.2259,157.6756,513.3676
3.226,157.5453,512.9473
3.2261,157.4155,512.5286
3.2259,157.3289,512.2492
3.2261,157.1991,511.8304
3.2259,157.1125,511.5512
3.2263,156.9823,511.131
3.2266,156.8947,510.8485
3.2262,156.766,510.4333
3.2261,156.6794,510.154
3.2264,156.548,509.7303
3.2261,156.463,509.456
3.2268,156.3331,509.037
3.2262,156.2466,508.7578
3.2264,156.1168,508.3391
3.2266,156.0303,508.06
3.2264,155.9004,507.641
3.2268,155.8138,507.3618
3.2267,155.6841,506.9432
3.2265,155.5975,506.664
3.227,155.4677,506.2452
3.2267,155.3812,505.966
3.2266,155.2514,505.5472
3.2268,155.1216,505.1284
3.227,155.035,504.8492
3.2268,154.9052,504.4305
3.2267,154.8187,504.1513
3.2268,154.6888,503.7324
3.2267,154.6023,503.4532
3.2269,154.4725,503.0345
3.2268,154.386,502.7554
3.2271,154.2561,502.3365
3.2267,154.1697,502.0574
3.2273,154.0399,501.6386
3.227,153.9533,501.3593
3.2269,153.8235,500.9405
3.2274,153.737,500.6615
3.2269,153.6072,500.2427
3.227,153.5206,499.9633
3.227,153.3911,499.5455
3.2271,153.3043,499.2652
3.2273,153.1745,498.8465
3.2273,153.088,498.5674
3.2275,152.9583,498.1487
3.2271,152.8284,497.7296
3.2272,152.742,497.4506
3.2271,152.6122,497.0318
3.228,152.5246,496.7491
3.2275,152.3958,496.3336
3.2273,152.3094,496.0546
3.2273,152.1796,495.6358
3.2276,152.093,495.3566
3.2273,151.9633,494.9378
3.2277,151.8768,494.6586
3.2276,151.7469,494.2397
3.2278,151.6604,493.9605
3.2276,151.5307,493.5418
3.2277,151.4442,493.2627
3.2278,151.3145,492.8442
3.2275,151.2279,492.5647
3.2278,151.0981,492.1456
3.2275,151.0116,491.8666
3.2278,150.8818,491.4478
3.2278,150.7954,491.1688
3.2281,150.6655,490.7497
3.228,150.5791,490.4708
3.228,150.4492,490.0518
3.228,150.3196,489.6332
3.228,150.2331,489.3541
3.228,150.1033,488.9353
3.2282,150.0168,488.6559
3.2283,149.8871,488.2373
3.228,149.8005,487.958
3.2279,149.6708,487.5393
3.228,149.5828,487.2551
3.2282,149.4547,486.8418
3.2281,149.3681,486.5621
3.2282,149.238,486.1423
3.2287,149.1518,485.864
3.2284,149.0218,485.4443
3.2282,148.9355,485.166
3.2282,148.8058,484.7471
3.2284,148.7189,484.4667
3.2286,148.5892,484.0479
3.2285,148.5027,483.7687
3.2284,148.373,483.35
3.2287,148.2865,483.0707
3.2287,148.1568,482.6521
3.2288,148.027,482.2332
3.2286,147.9403,481.9532
3.2287,147.8111,481.5362
3.2287,147.7243,481.2559
3.2286,147.5946,480.8372
3.2286,147.5081,480.558
3.2289,147.3784,480.1393
3.229,147.2919,479.8601
3.2291,147.1621,479.441
3.2291,147.0757,479.1623
3.229,146.9459,478.7432
3.2292,146.8594,478.4641
3.2288,146.7298,478.0454
3.2288,146.6433,477.7664
3.2291,146.5134,477.3468
3.229,146.4271,477.0683
3.2291,146.2969,476.6478
3.2291,146.2105,476.3689
3.2292,146.0808,475.9501
3.2297,145.993,475.6667
3.2292,145.8633,475.2478
3.2292,145.7768,474.9685
3.2292,145.6471,474.5499
3.2293,145.5174,474.1311
3.2294,145.4309,473.8519
3.2294,145.301,473.4324
3.2297,145.2148,473.1539
3.2296,145.085,472.7349
3.2294,144.9986,472.4557
3.2295,144.8689,472.0369
3.2296,144.7825,471.7579
3.2295,144.6528,471.3391
3.2297,144.5665,471.0606
3.23,144.4366,470.6411
3.2296,144.3501,470.3618
3.2297,144.2189,469.9383
3.2297,144.134,469.6638
3.2294,144.0043,469.245
3.2297,143.9178,468.966
3.2298,143.7881,468.5471
3.2299,143.7017,468.2679
3.2299,143.572,467.8491
3.2301,143.4856,467.5701
3.2298,143.3559,467.1512
3.2298,143.2262,466.7325
3.2298,143.1397,466.4532
3.23,143.01,466.0344
3.2301,142.9236,465.7553
3.2301,142.794,465.3365
3.2301,142.7075,465.0573
3.2303,142.5779,464.6385
3.2304,142.4914,464.3593
3.2304,142.3617,463.9404
3.23,142.2752,463.6611
3.2301,142.1452,463.241
3.2302,142.0587,462.9616
3.2303,141.9291,462.543
3.2305,141.8429,462.2646
3.2304,141.7129,461.8448
3.2303,141.6265,461.5656
3.2306,141.4968,461.1468
3.2305,141.4105,460.8679
3.2306,141.281,460.4497
3.2307,141.1944,460.1698
3.2303,141.0647,459.7509
3.2311,140.935,459.3321
3.2308,140.8486,459.0531
3.2306,140.7189,458.6342
3.2305,140.6326,458.3553
3.2308,140.5029,457.9363
3.2306,140.4165,457.6572
3.2308,140.286,457.2356
3.2307,140.1995,456.9564
3.2306,140.0698,456.5375
3.2307,139.9837,456.2593
3.231,139.8533,455.8381
3.2312,139.7669,455.559
3.2312,139.6373,455.1403
3.2312,139.5509,454.8611
3.2312,139.4212,454.4422
3.2312,139.3348,454.163
3.2311,139.2051,453.744
3.231,139.1188,453.4651
3.2313,138.9892,453.0464
3.2311,138.9025,452.7663
3.2315,138.7724,452.3459
3.2313,138.6867,452.0691
3.2313,138.557,451.6501
3.2312,138.4274,451.2313
3.2312,138.341,450.9522
3.2311,138.2114,450.5333
3.2316,138.125,450.2542
3.2314,137.9954,449.8354
3.2315,137.909,449.5562
3.2315,137.7793,449.1373
3.2319,137.6929,448.8581
3.2315,137.5633,448.4395
3.2319,137.4769,448.1602
3.2315,137.3473,447.7414
3.2317,137.2609,447.4622
3.2321,137.1312,447.0432
3.2318,137.0449,446.7644
3.2316,136.9153,446.3456
3.2322,136.8289,446.0666
3.2319,136.6993,445.6477
3.2319,136.6129,445.3684
3.232,136.4833,444.9497
3.2322,136.3969,444.6704
3.2319,136.2669,444.2503
3.2319,136.1372,443.8315
3.2323,136.0509,443.5525
3.2323,135.9212,443.1335
3.232,135.8349,442.8544
3.2322,135.7054,442.4357
3.2324,135.6188,442.1561
3.2327,135.4893,441.7376
3.2323,135.403,441.4585
3.2322,135.2733,441.0394
3.2325,135.187,440.7603
3.232,135.0574,440.3417
3.2325,134.971,440.0625
3.2326,134.8415,439.6437
3.2324,134.755,439.3643
3.2325,134.6255,438.9456
3.2327,134.5391,438.6664
3.2326,134.4095,438.2476
3.2324,134.3231,437.9682
3.2327,134.1936,437.5497
3.2326,134.1071,437.2703
3.2332,133.9776,436.8517
3.2327,133.848,436.4329
3.2329,133.7617,436.1537
3.2327,133.6321,435.7349
3.2328,133.5457,435.4558
3.2328,133.4162,435.0371
3.2335,133.3298,434.7578
3.2333,133.1991,434.3352
3.233,133.1138,434.0597
3.2333,132.9843,433.6409
3.2334,132.8979,433.3618
3.233,132.7683,432.9429
3.2334,132.682,432.6638
3.2333,132.5525,432.2452
3.2336,132.4661,431.9658
3.2332,132.3366,431.547
3.2334,132.2502,431.2679
3.2334,132.1207,430.849
3.2331,132.0343,430.5699
3.2336,131.9032,430.1461
3.2337,131.8184,429.8718
3.2334,131.6889,429.453
3.2335,131.6021,429.1724
3.2336,131.4725,428.7536
3.2334,131.343,428.3348
3.2336,131.2567,428.0556
3.2334,131.1271,427.6369
3.2339,131.0408,427.3577
3.2339,130.9111,426.9386
3.2342,130.8248,426.6596
3.2343,130.6953,426.2408
3.234,130.609,425.9617
3.2337,130.4795,425.543
3.2338,130.3932,425.2639
3.234,130.2637,424.8452
3.2337,130.1773,424.5658
3.234,130.0478,424.1472
3.2341,129.9615,423.868
3.2341,129.8318,423.4488
3.2343,129.7456,423.1698
3.2342,129.6161,422.7512
3.2341,129.5297,422.4718
3.2341,129.4003,422.0531
3.2341,129.314,421.7741
3.2343,129.1844,421.355
3.2344,129.0548,420.936
3.2345,128.9686,420.6571
3.2345,128.8391,420.2382
3.2346,128.7527,419.9588
3.2345,128.6232,419.5401
3.2346,128.5369,419.261
3.2349,128.4074,418.8422
3.2348,128.321,418.5629
3.2345,128.1916,418.1443
3.2345,128.1054,417.8655
3.2348,127.9758,417.4463
3.2348,127.8895,417.1671
3.2347,127.7592,416.7459
3.2348,127.6737,416.4692
3.2347,127.5441,416.0503
3.2351,127.4579,415.7712
3.2347,127.3284,415.3524
3.2352,127.2421,415.0732
3.2352,127.1125,414.6543
3.2353,127.0263,414.3752
3.2351,126.8968,413.9563
3.2351,126.8105,413.6771
3.2351,126.681,413.2583
3.2352,126.5514,412.8389
3.2352,126.4652,412.5603
3.2353,126.3358,412.1416
3.2353,126.2495,411.8623
3.2354,126.12,411.4435
3.2355,126.0338,411.1646
3.2354,125.904,410.7448
3.2355,125.818,410.4665
3.2354,125.6885,410.0475
3.2356,125.6022,409.7684
3.2356,125.4727,409.3496
3.2357,125.3864,409.0704
3.2357,125.257,408.6516
3.2362,125.1708,408.3726
3.2362,125.0413,407.9537
3.2357,124.9548,407.6738
3.2359,124.8256,407.2559
3.2363,124.739,406.9757
3.236,124.6099,406.5579
3.2363,124.5236,406.2787
3.2359,124.3941,405.8599
3.2361,124.2647,405.4411
3.2362,124.1784,405.1619
3.2362,124.0487,404.7422
3.2365,123.961,404.4583
3.2362,123.8316,404.0395
3.2364,123.7453,403.7603
3.2365,123.6159,403.3415
3.2367,123.5295,403.062
3.2366,123.4001,402.6433
3.2366,123.3141,402.3649
3.2368,123.1845,401.9454
3.2368,123.0982,401.6664
3.2371,122.9688,401.2474
3.2368,122.8826,400.9684
3.2368,122.7532,400.5496
3.2372,122.6668,400.2703
3.2369,122.5375,399.8517
3.237,122.4512,399.5724
3.2371,122.3218,399.1535
3.2369,122.2356,398.8745
3.2373,122.1061,398.4555
3.2373,121.9768,398.0368
3.2373,121.8905,397.7575
3.2376,121.7611,397.3387
3.2376,121.6749,397.0596
3.2375,121.5456,396.6409
3.2378,121.4592,396.3615
3.2373,121.3299,395.9428
3.2378,121.2436,395.6636
3.2376,121.1143,395.245
3.2375,121.028,394.9656
3.2375,120.8986,394.5466
3.2378,120.8123,394.2675
3.2376,120.683,393.8488
3.2378,120.597,393.5706
3.238,120.4674,393.1509
3.2379,120.3812,392.8717
3.2381,120.2512,392.4509
3.2383,120.1656,392.1738
3.238,120.0362,391.755
3.2381,119.95,391.4756
3.2382,119.8206,391.0568
3.2382,119.7344,390.7776
3.2387,119.6051,390.3591
3.2383,119.4757,389.94
3.2384,119.3895,389.6608
3.2384,119.2602,389.2421
3.239,119.1739,388.9628
3.2387,119.0446,388.544
3.2383,118.9587,388.2659
3.2389,118.8291,387.8462
3.2389,118.7428,387.567
3.2391,118.613,387.1467
3.2392,118.5269,386.8676
3.2389,118.3975,386.4487
3.2388,118.3113,386.1697
3.2392,118.182,385.7509
3.2389,118.0957,385.4713
3.2392,117.9664,385.0526
3.2393,117.8803,384.7737
3.2391,117.7509,384.3548
3.2394,117.6648,384.0758
3.2396,117.5355,383.6569
3.2393,117.449,383.3769
3.2392,117.32,382.959
3.2393,117.19,382.538
3.2395,117.1045,382.2609
3.2396,116.9752,381.8421
3.2394,116.889,381.5628
3.2395,116.7597,381.1442
3.2401,116.6735,380.8648
3.2401,116.5442,380.4462
3.2399,116.458,380.167
3.2397,116.3288,379.7483
3.2397,116.2425,379.4689
3.2401,116.1133,379.0503
3.24,116.0271,378.7711
3.2404,115.8978,378.3522
3.2404,115.8117,378.0731
3.2401,115.6824,377.6543
3.2404,115.5962,377.3751
3.2405,115.4669,376.9562
3.2403,115.3808,376.6771
3.2406,115.2516,376.2583
3.2406,115.1653,375.979
3.2408,115.0362,375.5605
3.2406,114.9069,375.1417
3.2409,114.8207,374.8622
3.241,114.6908,374.4413
3.2408,114.6053,374.1643
3.241,114.476,373.7455
3.241,114.3899,373.4663
3.2408,114.2607,373.0477
3.2413,114.1742,372.7675
3.2411,114.0453,372.3495
3.2413,113.9591,372.0703
3.2413,113.8292,371.6492
3.2413,113.7438,371.3724
3.2413,113.6146,370.9537
3.2413,113.5284,370.6743
3.2418,113.3992,370.2556
3.2415,113.313,369.9763
3.242,113.1839,369.5576
3.2416,113.0977,369.2783
3.2417,112.9685,368.8596
3.2419,112.8824,368.5806
3.2418,112.7532,368.1617
3.2423,112.6671,367.8825
3.2422,112.5376,367.4629
3.2424,112.4086,367.0447
3.2422,112.3225,366.7658
3.2427,112.1934,366.347
3.2425,112.1072,366.0676
3.2424,111.9778,365.6483
3.2424,111.8919,365.3698
3.2427,111.7627,364.951
3.2425,111.6766,364.6718
3.2425,111.5475,364.253
3.2425,111.4613,363.9737
3.2429,111.3321,363.5549
3.2426,111.2458,363.275
3.2429,111.1169,362.8571
3.2428,111.0308,362.5778
3.2431,110.9017,362.1593
3.2434,110.8155,361.8798
3.2431,110.6864,361.4612
3.2435,110.6003,361.182
3.2435,110.4709,360.7625
3.2431,110.385,360.4837
3.2432,110.2559,360.065
3.2434,110.1268,359.6464
3.2441,110.0407,359.3672
3.2436,109.9115,358.9484
3.2435,109.8254,358.6692
3.2435,109.6963,358.2503
3.2438,109.61,357.9704
3.2441,109.4809,357.5516
3.2438,109.395,357.2733
3.2438,109.2659,356.8543
3.2438,109.1798,356.5751
3.2441,109.0507,356.1565
3.2439,108.9646,355.8771
3.2443,108.8355,355.4584
3.2444,108.7494,355.1791
3.2445,108.6204,354.7604
3.2443,108.5343,354.4812
3.2446,108.4052,354.0624
3.2443,108.3191,353.7832
3.2447,108.189,353.3609
3.245,108.1039,353.085
3.2446,107.9749,352.6665
3.2448,107.8888,352.3873
3.2446,107.7597,351.9685
3.245,107.6306,351.5496
3.2452,107.5442,351.2691
3.245,107.4151,350.8502
3.2452,107.329,350.5711
3.2454,107.2,350.1523
3.2455,107.1139,349.8731
3.2452,106.9849,349.4543
3.2454,106.8988,349.1749
3.2452,106.7697,348.7561
3.2454,106.6837,348.4771
3.2456,106.5546,348.0581
3.2456,106.4686,347.779
3.2456,106.3395,347.3602
3.2455,106.2535,347.0811
3.2458,106.1245,346.6624
3.246,106.0383,346.3825
3.2459,105.9094,345.9643
3.246,105.8234,345.6853
3.2461,105.6943,345.2663
3.2461,105.6083,344.9871
3.2462,105.4793,344.5684
3.2461,105.3503,344.1496
3.2462,105.2643,343.8704
3.2462,105.1352,343.4516
3.2462,105.0492,343.1724
3.2464,104.9199,342.7527
3.2467,104.8342,342.4744
3.2466,104.7052,342.0556
3.2466,104.6191,341.7763
3.2468,104.4901,341.3575
3.2467,104.4042,341.0785
3.2468,104.2752,340.6597
3.2471,104.1891,340.3804
3.2469,104.0599,339.9608
3.2469,103.9742,339.6825
3.2471,103.8452,339.2638
3.247,103.7591,338.9843
3.2469,103.6302,338.5658
3.2471,103.5442,338.2864
3.2473,103.4152,337.8676
3.2472,103.3292,337.5886
3.2473,103.2002,337.1696
3.2474,103.0712,336.7507
3.2474,102.9853,336.4716
3.2478,102.8563,336.0529
3.2476,102.7703,335.7737
3.2476,102.6413,335.3549
3.2478,102.5554,335.0757
3.2479,102.4264,334.657
3.248,102.3404,334.3777
3.2479,102.2115,333.959
3.248,102.1255,333.6797
3.2481,101.9966,333.2611
3.2483,101.9105,332.9816
3.2482,101.7816,332.563
3.2482,101.6957,332.2838
3.2483,101.5667,331.8649
3.2485,101.4807,331.5857
3.2485,101.3518,331.1668
3.2485,101.2658,330.8876
3.2485,101.1369,330.4689
3.2485,101.0509,330.1898
3.2486,100.922,329.7708
3.2486,100.8361,329.4918
3.2485,100.7071,329.0729
3.249,100.5782,328.6543
3.249,100.4923,328.3751
3.249,100.3633,327.9563
3.249,100.2774,327.6771
3.2489,100.1485,327.2583
3.2489,100.0625,326.9791
3.2491,99.93362,326.5602
3.2491,99.84764,326.2809
3.2492,99.71882,325.8623
3.2494,99.6328,325.5829
3.2496,99.50394,325.1642
3.2495,99.41795,324.8848
3.2497,99.2891,324.4662
3.2496,99.20316,324.187
3.2495,99.07427,323.7682
3.2496,98.98834,323.489
3.2497,98.85829,323.0665
3.25,98.77353,322.7911
3.25,98.6446,322.3722
3.2499,98.55872,322.0931
3.2499,98.42984,321.6744
3.2499,98.30096,321.2556
3.25,98.21504,320.9764
3.2501,98.08608,320.5573
3.2502,98.00016,320.2781
3.2503,97.87138,319.8596
3.2501,97.78568,319.581
3.2504,97.65656,319.1614
3.2505,97.57069,318.8823
3.2504,97.44183,318.4635
3.2505,97.35592,318.1843
3.2508,97.22697,317.7652
3.2508,97.14111,317.4862
3.2508,97.01234,317.0677
3.2509,96.9264,316.7884
3.2509,96.79772,316.3702
3.2509,96.71161,316.0903
3.2509,96.58276,315.6715
3.2509,96.49686,315.3923
3.2509,96.36807,314.9737
3.2512,96.28217,314.6945
3.2509,96.15329,314.2755
3.2513,96.02445,313.8567
3.2513,95.93857,313.5775
3.2511,95.80978,313.1588
3.2511,95.72393,312.8797
3.2516,95.59506,312.4607
3.2512,95.50918,312.1815
3.2513,95.38036,311.7627
3.2515,95.29452,311.4836
3.2516,95.16587,311.0654
3.2517,95.07977,310.7855
3.2518,94.95091,310.3666
3.2517,94.86504,310.0874
3.2517,94.73627,309.6688
3.2517,94.65044,309.3897
3.252,94.52155,308.9707
3.252,94.43572,308.6917
3.252,94.30692,308.2729
3.2522,94.22105,307.9937
3.252,94.09225,307.5749
3.2521,94.00638,307.2957
3.2522,93.87758,306.8769
3.252,93.79167,306.5975
3.2524,93.66293,306.1789
3.2522,93.53413,305.76
3.2522,93.44828,305.4808
3.2525,93.31944,305.0619
3.2526,93.23364,304.7828
3.2523,93.10485,304.364
3.2526,93.019,304.0848
3.253,92.89021,303.666
3.2526,92.80462,303.3876
3.2528,92.67559,302.968
3.2526,92.58974,302.6888
3.2527,92.46088,302.2698
3.2527,92.37512,301.9909
3.253,92.24571,301.57
3.2529,92.16051,301.293
3.253,92.03174,300.8742
3.2531,91.9459,300.595
3.253,91.81714,300.1762
3.253,91.7313,299.8971
3.2532,91.60246,299.478
3.2532,91.5167,299.199
3.2531,91.38795,298.7802
3.2532,91.2592,298.3614
3.2532,91.17336,298.0822
3.2533,91.04457,297.6632
3.2534,90.95874,297.384
3.2534,90.83004,296.9653
3.2532,90.74417,296.686
3.2534,90.61547,296.2673
3.2536,90.52853,295.9845
3.2534,90.40091,295.5693
3.2536,90.31509,295.2902
3.2537,90.18635,294.8714
3.2536,90.10053,294.5922
3.2538,89.9718,294.1734
3.2537,89.88598,293.8943
3.2538,89.75721,293.4753
3.2539,89.67139,293.1962
3.2539,89.54266,292.7774
3.2541,89.45693,292.4985
3.2541,89.32813,292.0793
3.2539,89.24236,291.8003
3.2541,89.1136,291.3813
3.254,88.98492,290.9626
3.2543,88.89912,290.6834
3.2543,88.77041,290.2646
3.2543,88.68456,289.9852
3.2545,88.55589,289.5666
3.2543,88.47004,289.2872
3.2543,88.34138,288.8685
3.2544,88.25404,288.5843
3.2546,88.12602,288.1678
3.2545,88.04018,287.8884
3.2546,87.91148,287.4696
3.2546,87.82572,287.1906
3.2546,87.69702,286.7718
3.2548,87.61123,286.4926
3.2548,87.48254,286.0739
3.255,87.39679,285.7948
3.2548,87.26784,285.3752
3.2548,87.18222,285.0966
3.2549,87.05357,284.678
3.2549,86.96783,284.399
3.2553,86.83906,283.9799
3.2549,86.75306,283.7
3.255,86.6246,283.2818
3.2551,86.49596,282.8632
3.2551,86.41017,282.5839
3.2551,86.28149,282.1651
3.2552,86.19572,281.8859
3.2551,86.06705,281.467
3.2555,85.98126,281.1878
3.2554,85.85259,280.769
3.2553,85.76613,280.4876
3.2554,85.63747,280.0688
3.2557,85.5519,279.7903
3.2555,85.42303,279.3708
3.2554,85.33751,279.0924
3.2556,85.20885,278.6736
3.2555,85.12308,278.3944
3.2555,84.99438,277.9755
3.2557,84.90861,277.6964
3.2557,84.78,277.2777
3.2558,84.69423,276.9985
3.256,84.56558,276.5798
3.256,84.47981,276.3006
3.2557,84.35117,275.8818
3.2559,84.22252,275.4631
3.256,84.13646,275.1829
3.2559,84.00812,274.7651
3.256,83.92236,274.4859
3.2562,83.79372,274.0671
3.2561,83.70795,273.7879
3.2563,83.57928,273.3689
3.2562,83.49352,273.0897
3.2562,83.36493,272.671
3.2565,83.27918,272.3918
3.256,83.15051,271.9728
3.2562,83.06239,271.6859
3.2564,82.93552,271.2729
3.2564,82.85042,270.9957
3.2565,82.72179,270.5769
3.2564,82.63604,270.2977
3.2567,82.50742,269.8789
3.2565,82.42167,269.5997
3.2567,82.29309,269.1811
3.2566,82.20731,268.9018
3.2566,82.07848,268.4823
3.257,81.99295,268.2038
3.2567,81.86317,267.7813
3.2567,81.73573,267.3663
3.2569,81.64999,267.0871
3.2568,81.52138,266.6684
3.2569,81.43564,266.3892
3.257,81.30703,265.9704
3.2569,81.22134,265.6914
3.257,81.09264,265.2723
3.2572,81.00691,264.9931
3.2571,80.87835,264.5745
3.2571,80.79198,264.2932
3.257,80.66432,263.8775
3.2574,80.57829,263.5973
3.2573,80.44948,263.1778
3.2574,80.36396,262.8992
3.2571,80.23533,262.4803
3.2573,80.14964,262.2012
3.2574,80.02101,261.7823
3.2574,79.93533,261.5032
3.2573,79.80674,261.0844
3.2575,79.72098,260.805
3.2576,79.59243,260.3864
3.2574,79.46385,259.9676
3.2576,79.37817,259.6885
3.2575,79.2495,259.2695
3.2575,79.16383,258.9904
3.2576,79.03521,258.5715
3.2579,78.94949,258.2923
3.2577,78.82096,257.8737
3.2579,78.73525,257.5945
3.2581,78.60667,257.1758
3.258,78.521,256.8967
3.2581,78.39213,256.477
3.2579,78.30663,256.1985
3.2578,78.17811,255.7798
3.2581,78.09239,255.5006
3.2581,77.96383,255.0818
3.2581,77.87817,254.8028
3.2581,77.74952,254.3837
3.258,77.66381,254.1045
3.258,77.53526,253.6857
3.2581,77.44959,253.4066
3.2583,77.32104,252.9878
3.2581,77.19248,252.5689
3.2581,77.10674,252.2896
3.2583,76.97844,251.8716
3.2583,76.89205,251.5901
3.2582,76.76355,251.1715
3.2584,76.67785,250.8923
3.2585,76.54926,250.4733
3.2583,76.46361,250.1943
3.2586,76.33506,249.7755
3.2585,76.24937,249.4963
3.2585,76.12074,249.0772
3.2586,76.03509,248.7981
3.2587,75.90659,248.3795
3.2585,75.82085,248.1002
3.2587,75.69236,247.6815
3.2588,75.60667,247.4024
3.2588,75.47813,246.9836
3.2588,75.3924,246.7043
3.2589,75.26392,246.2857
3.2587,75.17823,246.0065
3.2589,75.0497,245.5877
3.2589,74.96401,245.3085
3.2588,74.83548,244.8898
3.259,74.70696,244.471
3.2588,74.62127,244.1918
3.2589,74.49274,243.773
3.259,74.40707,243.4938
3.2592,74.2785,243.0749
3.2589,74.19291,242.796
3.259,74.06435,242.377
3.2592,73.97862,242.0976
3.2592,73.85015,241.679
3.2593,73.76444,241.3996
3.2595,73.63596,240.9809
3.2592,73.55029,240.7017
3.2595,73.42173,240.2827
3.2594,73.33611,240.0037
3.2594,73.2076,239.5849
3.2595,73.12193,239.3056
3.2595,72.99363,238.8875
3.2595,72.90775,238.6077
3.2595,72.77915,238.1886
3.2595,72.69362,237.9098
3.2595,72.56464,237.4895
3.2595,72.43614,237.0707
3.2597,72.35047,236.7915
3.2595,72.22198,236.3727
3.2596,72.13631,236.0936
3.2598,72.00781,235.6748
3.2597,71.92215,235.3956
3.2597,71.79344,234.9761
3.26,71.70804,234.6978
3.2597,71.57951,234.2789
3.2599,71.49384,233.9997
3.2599,71.36531,233.5808
3.2598,71.27969,233.3018
3.2598,71.15121,232.883
3.2601,71.06547,232.6036
3.26,70.93707,232.185
3.2599,70.85073,231.9036
3.2601,70.72293,231.4871
3.26,70.63724,231.2077
3.2601,70.50906,230.7899
3.2601,70.42272,230.5085
3.2601,70.2942,230.0895
3.2601,70.16576,229.6708
3.2603,70.08003,229.3913
3.2602,69.9516,228.9726
3.2601,69.86599,228.6935
3.2604,69.73748,228.2746
3.2603,69.65183,227.9954
3.2603,69.52341,227.5767
3.2605,69.43776,227.2975
3.2606,69.30925,226.8786
3.2605,69.22365,226.5995
3.2605,69.09493,226.1799
3.2606,69.00911,225.9001
3.2605,68.88061,225.4812
3.2607,68.79501,225.2021
3.2606,68.66654,224.7834
3.2607,68.58091,224.5042
3.2606,68.45245,224.0854
3.2606,68.36681,223.8062
3.2607,68.23831,223.3873
3.2608,68.15272,223.1083
3.2609,68.02406,222.6888
3.2608,67.93859,222.4102
3.2609,67.81018,221.9916
3.2608,67.68173,221.5728
3.2609,67.59605,221.2935
3.261,67.46765,220.8748
3.2611,67.38104,220.5924
3.2609,67.25272,220.174
3.2609,67.16708,219.8948
3.2611,67.0386,219.4758
3.2611,66.95301,219.1968
3.2611,66.82453,218.7778
3.2612,66.7389,218.4986
3.2611,66.6105,218.0799
3.2611,66.52419,217.7985
3.2612,66.39645,217.3819
3.2611,66.31082,217.1026
3.2615,66.18213,216.683
3.2613,66.09676,216.4046
3.2615,65.96833,215.9858
3.2614,65.88275,215.7067
3.2616,65.75423,215.2876
3.2615,65.66866,215.0086
3.2613,65.54023,214.5898
3.2617,65.4118,214.1709
3.2616,65.32619,213.8918
3.2614,65.19776,213.473
3.2614,65.1121,213.1936
3.2616,64.98334,212.7737
3.2615,64.89793,212.4952
3.2616,64.76922,212.0755
3.2616,64.68365,211.7964
3.2617,64.55518,211.3775
3.2616,64.46966,211.0986
3.2618,64.34119,210.6797
3.2619,64.25559,210.4005
3.262,64.12713,209.9816
3.2618,64.04157,209.7026
3.2621,63.91311,209.2837
3.262,63.8275,209.0045
3.2619,63.69892,208.5852
3.262,63.61348,208.3065
3.2621,63.48508,207.8878
3.262,63.39947,207.6086
3.262,63.27107,207.1898
3.2622,63.18546,206.9106
3.2618,63.0571,206.4919
3.2622,62.9287,206.0732
3.2621,62.84306,205.7938
3.2622,62.71465,205.375
3.2623,62.6291,205.0959
3.2621,62.5007,204.6771
3.2624,62.4151,204.3978
3.2623,62.28671,203.979
3.2622,62.20111,203.6998
3.2623,62.07271,203.281
3.2622,61.98707,203.0016
3.2623,61.85877,202.5831
3.2625,61.77309,202.3036
3.2623,61.64474,201.8849
3.2627,61.55915,201.6057
3.2626,61.43076,201.1869
3.2625,61.34512,200.9076
3.2626,61.21674,200.4888
3.2625,61.13115,200.2096
3.2626,61.00285,199.7911
3.2625,60.91722,199.5118
3.2625,60.78879,199.0928
3.2625,60.66045,198.6742
3.2627,60.57487,198.395
3.2628,60.44602,197.9747
3.2626,60.36039,197.6954
3.2628,60.2321,197.2769
3.2628,60.14652,196.9977
3.2628,60.01814,196.5789
3.263,59.93256,196.2998
3.2629,59.80397,195.8803
3.263,59.71865,195.6019
3.2629,59.59023,195.183
3.2629,59.50465,194.9039
3.2628,59.37624,194.485
3.263,59.29071,194.2059
3.2627,59.1623,193.787
3.2631,59.07655,193.5072
3.2629,58.9484,193.0892
3.2629,58.86282,192.81
3.263,58.7345,192.3913
3.263,58.64888,192.1119
3.2631,58.52052,191.6931
3.263,58.39216,191.2743
3.2632,58.30637,190.9944
3.2632,58.1763,190.57
3.2632,58.09133,190.2927
3.2632,57.96298,189.8739
3.2634,57.8774,189.5947
3.2634,57.74905,189.1759
3.2634,57.66353,188.8968
3.2632,57.53517,188.478
3.2634,57.4496,188.1988
3.2635,57.32121,187.7798
3.2636,57.23564,187.5006
3.2634,57.10733,187.082
3.2634,57.02177,186.8028
3.2636,56.89338,186.3838
3.2634,56.80593,186.0985
3.2635,56.67904,185.6844
3.2636,56.59352,185.4054
3.2636,56.46518,184.9866
3.2637,56.37962,184.7074
3.2636,56.25123,184.2885
3.2638,56.16571,184.0094
3.2636,56.03742,183.5908
3.2639,55.90839,183.1698
3.2638,55.82348,182.8927
3.2637,55.69506,182.4737
3.2638,55.60959,182.1948
3.264,55.48125,181.776
3.2637,55.39574,181.497
3.2639,55.26737,181.0781
3.2639,55.18181,180.7989
3.2637,55.05348,180.3802
3.2637,54.96788,180.1008
3.2641,54.8396,179.6822
3.2639,54.754,179.4029
3.2643,54.62568,178.9841
3.2641,54.54022,178.7052
3.264,54.41185,178.2863
3.264,54.32625,178.0069
3.2641,54.19798,177.5882
3.2642,54.11243,177.309
3.264,53.9841,176.8902
3.2642,53.89856,176.611
3.2642,53.77024,176.1922
3.2642,53.64187,175.7732
3.2642,53.55633,175.494
3.2643,53.42806,175.0753
3.2644,53.34251,174.7961
3.2646,53.21416,174.3772
3.2643,53.12866,174.0981
3.2646,53.00031,173.6791
3.2643,52.91476,173.3999
3.2645,52.7865,172.9813
3.2644,52.70092,172.7019
3.2646,52.57261,172.2831
3.2646,52.48707,172.0039
3.2646,52.3588,171.5853
3.2646,52.27327,171.3061
3.2645,52.14496,170.8873
3.2646,52.05938,170.608
3.2646,51.93065,170.1878
3.2644,51.84516,169.9087
3.2646,51.71685,169.49
3.2648,51.63128,169.2106
3.2648,51.50293,168.7917
3.2648,51.37468,168.3731
3.2648,51.28915,168.0939
3.265,51.16089,167.6753
3.2646,51.07536,167.3961
3.2648,50.94707,166.9773
3.2648,50.86158,166.6983
3.2648,50.73325,166.2794
3.2648,50.64768,166.0001
3.265,50.51947,165.5816
3.265,50.4339,165.3023
3.2651,50.30561,164.8835
3.265,50.22004,164.6041
3.2651,50.0918,164.1855
3.2651,50.00636,163.9066
3.265,49.87798,163.4875
3.2654,49.79237,163.208
3.265,49.66417,162.7894
3.2654,49.57861,162.5101
3.2653,49.45037,162.0914
3.2651,49.36481,161.812
3.2652,49.23657,161.3933
3.2651,49.15105,161.1141
3.2652,49.02272,160.6951
3.2652,48.89441,160.2762
3.2651,48.80893,159.9971
3.2652,48.68065,159.5783
3.2652,48.59514,159.2991
3.2652,48.46686,158.8802
3.2652,48.38139,158.6012
3.2652,48.25316,158.1825
3.2655,48.16653,157.8997
3.2652,48.03933,157.4844
3.2653,47.95407,157.206
3.2657,47.82584,156.7873
3.2656,47.74003,156.5072
3.2654,47.61172,156.0882
3.2656,47.52625,155.8092
3.2657,47.39803,155.3905
3.2657,47.31248,155.1112
3.2658,47.18422,154.6924
3.2658,47.09866,154.4131
3.2658,46.96886,153.9893
3.2657,46.88485,153.715
3.2659,46.75668,153.2965
3.266,46.62842,152.8777
3.2656,46.54291,152.5986
3.2658,46.41465,152.1798
3.2656,46.32911,151.9005
3.2657,46.20085,151.4817
3.2658,46.11535,151.2025
3.2658,45.98714,150.7839
3.2658,45.90163,150.5047
3.2662,45.77338,150.086
3.2661,45.68784,149.8066
3.2657,45.55963,149.388
3.2658,45.47413,149.1088
3.2659,45.34588,148.69
3.2662,45.26038,148.4108
3.266,45.13209,147.9919
3.266,45.04668,147.713
3.2662,44.91839,147.294
3.266,44.83293,147.015
3.266,44.7046,146.5959
3.266,44.61915,146.3168
3.2662,44.49086,145.8978
3.2661,44.36266,145.4791
3.2662,44.27717,145.1999
3.2664,44.14787,144.7776
3.2665,44.0634,144.5017
3.2664,43.9352,144.083
3.2664,43.84975,143.804
3.2663,43.72143,143.3849
3.2665,43.63599,143.1058
3.2664,43.50775,142.687
3.2667,43.42222,142.4076
3.2665,43.29377,141.9881
3.2663,43.20854,141.7098
3.2665,43.08027,141.2908
3.2662,42.99482,141.0118
3.2664,42.86651,140.5927
3.2664,42.78111,140.3138
3.2664,42.65284,139.8948
3.2664,42.56739,139.6158
3.2667,42.43917,139.197
3.2667,42.35368,138.9178
3.2667,42.2255,138.4991
3.2667,42.13998,138.2198
3.2667,42.01175,137.8011
3.2667,41.88353,137.3823
3.2668,41.79805,137.1031
3.2669,41.66983,136.6843
3.2667,41.58431,136.405
3.2668,41.45605,135.9861
3.2668,41.3707,135.7074
3.2667,41.24244,135.2885
3.2668,41.15696,135.0093
3.2669,41.02874,134.5905
3.2668,40.94326,134.3113
3.2671,40.81496,133.8923
3.2672,40.72953,133.6132
3.2667,40.60136,133.1946
3.2669,40.51585,132.9153
3.267,40.38696,132.4943
3.2669,40.30212,132.2172
3.2671,40.17404,131.7988
3.2671,40.08857,131.5196
3.2669,39.96024,131.1004
3.2672,39.87481,130.8214
3.2671,39.74661,130.4025
3.2671,39.61844,129.9839
3.2672,39.53297,129.7047
3.2672,39.40473,129.2857
3.2672,39.3193,129.0066
3.2671,39.19114,128.5879
3.2672,39.10371,128.3023
3.2672,38.97461,127.8805
3.2674,38.88983,127.6035
3.2672,38.76168,127.1848
3.2673,38.67617,126.9055
3.2674,38.54797,126.4867
3.2675,38.46242,126.2072
3.2672,38.33431,125.7887
3.2674,38.24885,125.5094
3.2673,38.12062,125.0905
3.2676,38.03413,124.8079
3.2675,37.90701,124.3926
3.2676,37.8215,124.1133
3.2677,37.69336,123.6946
3.2675,37.60785,123.4153
3.2676,37.47966,122.9965
3.2674,37.39425,122.7175
3.2676,37.26606,122.2987
3.2676,37.13792,121.88
3.2678,37.05246,121.6008
3.2679,36.92423,121.1819
3.2676,36.83878,120.9027
3.2676,36.71055,120.4838
3.2678,36.6251,120.2046
3.2676,36.49696,119.786
3.2677,36.41151,119.5068
3.2677,36.28329,119.0879
3.2678,36.19783,118.8087
3.2677,36.0697,118.3901
3.268,35.98425,118.1109
3.2677,35.85458,117.6872
3.2681,35.77054,117.4127
3.2681,35.64237,116.9939
3.268,35.55658,116.7136
3.2679,35.42831,116.2945
3.2679,35.34291,116.0155
3.2681,35.21478,115.5968
3.2681,35.12933,115.3176
3.268,35.00116,114.8988
3.2679,34.87299,114.48
3.2681,34.78755,114.2008
3.2683,34.65938,113.782
3.268,34.57389,113.5026
3.2681,34.44487,113.081
3.2682,34.35947,112.8019
3.2681,34.23131,112.3831
3.2681,34.14591,112.104
3.2682,34.01775,111.6852
3.2685,33.93222,111.4057
3.2681,33.8041,110.987
3.2685,33.71862,110.7076
3.2685,33.59046,110.2888
3.2685,33.50507,110.0097
3.2686,33.37687,109.5908
3.2682,33.29143,109.3116
3.2683,33.16332,108.8929
3.2685,33.07788,108.6137
3.2683,32.94976,108.195
3.2686,32.86399,107.9147
3.2685,32.73613,107.4969
3.2683,32.60798,107.0781
3.2685,32.52255,106.7989
3.2688,32.39418,106.3794
3.2686,32.30828,106.0987
3.2686,32.18103,105.6828
3.2689,32.09496,105.4015
3.2686,31.96682,104.9827
3.2686,31.88139,104.7036
3.2686,31.75324,104.2848
3.2687,31.66781,104.0056
3.2688,31.53967,103.5868
3.2686,31.4542,103.3075
3.2686,31.3261,102.8889
3.2685,31.24063,102.6096
3.2689,31.11249,102.1908
3.2688,31.02711,101.9118
3.2688,30.89897,101.493
3.2688,30.81354,101.2138
3.269,30.68536,100.7949
3.2688,30.60015,100.5164
3.2687,30.47185,100.0971
3.2689,30.38643,99.81792
3.2687,30.25825,99.399
3.269,30.13012,98.98023
3.269,30.0447,98.70104
3.2691,29.91657,98.28226
3.2691,29.83115,98.00305
3.2692,29.70306,97.58437
3.2688,29.61764,97.30518
3.269,29.48956,96.88649
3.2692,29.4041,96.60713
3.2692,29.27507,96.18538
3.2691,29.18966,95.90617
3.2693,29.06157,95.48747
3.2691,28.97611,95.20812
3.2691,28.84803,94.78943
3.2693,28.76236,94.50937
3.2693,28.6345,94.09138
3.2695,28.54908,93.81216
3.2693,28.42097,93.39334
3.2693,28.33555,93.11413
3.2692,28.20748,92.69545
3.2694,28.12198,92.41596
3.2692,27.99391,91.99729
3.2692,27.86575,91.57834
3.2695,27.78038,91.29928
3.2693,27.65223,90.88033
3.2692,27.56686,90.60127
3.2693,27.43875,90.18247
3.2695,27.35329,89.90313
3.2694,27.22523,89.48447
3.2694,27.13982,89.20528
3.2696,27.01171,88.78648
3.2696,26.92626,88.50715
3.2696,26.7982,88.0885
3.2697,26.71275,87.80917
3.2696,26.58464,87.3904
3.2695,26.49928,87.11134
3.2697,26.37113,86.69243
3.2697,26.28573,86.41325
3.2695,26.15763,85.99448
3.2696,26.07223,85.71529
3.2699,25.94417,85.29667
3.2699,25.85872,85.01735
3.2697,25.73067,84.59873
3.2699,25.60261,84.1801
3.2697,25.51721,83.90093
3.2697,25.38903,83.48189
3.2697,25.30367,83.20285
3.27,25.17587,82.78506
3.27,25.09018,82.50488
3.2698,24.96208,82.08611
3.2699,24.87669,81.80694
3.2698,24.74859,81.38815
3.2699,24.66316,81.10883
3.2702,24.53511,80.69018
3.2701,24.44968,80.41084
3.2699,24.32159,79.99206
3.2705,24.23624,79.71298
3.27,24.10815,79.29417
3.27,24.02272,79.01483
3.27,23.89463,78.59601
3.27,23.80924,78.31679
3.2702,23.68056,77.896
3.2702,23.59577,77.61874
3.2701,23.46743,77.19907
3.2702,23.38238,76.92097
3.2705,23.25422,76.50186
3.2702,23.12622,76.08332
3.2704,23.04079,75.80396
3.2705,22.91271,75.38514
3.2703,22.82737,75.10607
3.2705,22.69925,74.68713
3.2702,22.61383,74.40778
3.2704,22.48579,73.98911
3.2703,22.40045,73.71005
3.2707,22.27234,73.29112
3.2706,22.18695,73.01192
3.2704,22.05888,72.59312
3.2704,21.9735,72.31393
3.2707,21.84539,71.895
3.2706,21.76014,71.61623
3.2709,21.63194,71.19701
3.2707,21.54656,70.91783
3.2707,21.41849,70.49905
3.2709,21.33316,70.22
3.2707,21.20505,69.80109
3.2707,21.11972,69.52204
3.2706,20.99157,69.103
3.2709,20.86359,68.68451
3.2711,20.7783,68.40561
3.2709,20.65016,67.98657
3.2707,20.56474,67.70726
3.2709,20.43656,67.28809
3.2706,20.35132,67.00932
3.2708,20.2233,66.5907
3.2708,20.13793,66.31152
3.2709,20.00988,65.89274
3.271,19.92451,65.61354
3.271,19.79645,65.19473
3.271,19.71104,64.9154
3.2711,19.58299,64.49661
3.271,19.49767,64.21755
3.2709,19.36962,63.79874
3.2713,19.28421,63.51939
3.2711,19.1562,63.1007
3.2711,19.07084,62.8215
3.2711,18.94284,62.40281
3.2714,18.85739,62.12331
3.2711,18.7294,61.70463
3.2711,18.64408,61.42556
3.2712,18.516,61.0066
3.2714,18.38791,60.58764
3.2715,18.30255,60.30843
3.2718,18.17456,59.88975
3.2713,18.08911,59.61026
3.2714,17.96112,59.1916
3.2718,17.87581,58.91254
3.2715,17.74773,58.49361
3.2716,17.66242,58.21455
3.2716,17.53439,57.79577
3.2717,17.44904,57.51659
3.272,17.32101,57.09782
3.2717,17.23566,56.81863
3.2717,17.10768,56.4
3.272,17.02229,56.12068
3.2718,16.89427,55.7019
3.2721,16.80892,55.42272
3.2719,16.6809,55.00394
3.2721,16.59555,54.72475
3.272,16.4675,54.30584
3.2719,16.3822,54.02679
3.2723,16.2541,53.6077
3.2721,16.12613,53.18903
3.272,16.04084,52.90995
3.2721,15.91279,52.49098
3.2723,15.82749,52.2119
3.2721,15.69944,51.79293
3.2723,15.61415,51.51386
3.2721,15.48611,51.0949
3.2724,15.40078,50.81569
3.2723,15.27282,50.39703
3.2727,15.18749,50.11783
3.2724,15.0595,49.69903
3.2726,14.97409,49.41956
3.2725,14.84614,49.00093
3.2727,14.76082,48.72175
3.2727,14.63283,48.30298
3.2731,14.5464,48.02017
3.2728,14.41936,47.60447
3.2732,14.33421,47.32583
3.273,14.20628,46.90719
3.2729,14.12097,46.628
3.2731,13.993,46.20918
3.2731,13.86503,45.79035
3.2734,13.77973,45.51114
3.2734,13.65172,45.09218
3.2734,13.56646,44.81312
3.2735,13.43851,44.39433
3.2737,13.35295,44.11431
3.2739,13.22526,43.69637
3.2741,13.13996,43.41719
3.2739,13.01198,42.99828
3.2739,12.92669,42.71911
3.274,12.79816,42.29836
3.2742,12.71352,42.02123
3.2743,12.58559,41.60241
3.2743,12.50031,41.3232
3.2746,12.37236,40.90427
3.2752,12.28713,40.62522
3.2749,12.15922,40.20644
3.275,12.07395,39.92725
3.2751,11.94606,39.50843
3.2752,11.86079,39.22921
3.2754,11.73291,38.81039
3.2756,11.64762,38.53105
3.2758,11.51953,38.11157
3.2756,11.39192,37.69362
3.276,11.30595,37.41208
3.2761,11.17878,36.99551
3.2763,11.0936,36.71643
3.2768,10.96576,36.29763
3.2769,10.88049,36.01831
3.277,10.75263,35.59939
3.2772,10.6675,35.32047
3.2772,10.5397,34.90166
3.2774,10.45454,34.6226
3.278,10.32671,34.20368
3.2781,10.24174,33.9252
3.2781,10.11371,33.50554
3.2786,10.02858,33.22649
3.279,9.900833,32.80771
3.2788,9.815672,32.52852
3.2794,9.687901,32.10956
3.2794,9.602756,31.83037
3.2799,9.475091,31.41174
3.2805,9.38996,31.13253
3.2806,9.262276,30.71373
3.2812,9.134564,30.29481
3.2812,9.048397,30.01212
3.2817,8.921861,29.59695
3.2821,8.836776,29.31776
3.2824,8.709161,28.89895
3.2825,8.624094,28.61976
3.283,8.496467,28.20083
3.2835,8.411464,27.92177
3.2841,8.28391,27.50299
3.2844,8.198629,27.22294
3.2852,8.071321,26.80485
3.2854,7.986362,26.52578
3.2857,7.858878,26.107
3.2861,7.773942,25.82794
3.2865,7.646451,25.409
3.287,7.561457,25.12966
3.2882,7.434092,24.71101
3.288,7.349209,24.43196
3.2889,7.221164,24.01094
3.2897,7.136904,23.73382
3.29,7.00954,23.3149
3.2909,6.882244,22.8961
3.2916,6.797397,22.61692
3.2922,6.670148,22.19813
3.2924,6.585375,21.91906
3.2935,6.458177,21.50025
3.2939,6.373353,21.22092
3.2946,6.246207,20.80212
3.2949,6.16019,20.51875
3.2965,6.033143,20.1001
3.2969,5.948434,19.82089
3.2976,5.821401,19.4021
3.298,5.736691,19.12278
3.299,5.609549,18.70343
3.3002,5.525132,18.42493
3.3012,5.398264,18.00627
3.3016,5.313594,17.7268
3.3024,5.186749,17.30801
3.3035,5.101363,17.02601
3.3048,4.974586,16.60721
3.3051,4.890135,16.32815
3.3061,4.763431,15.90935
3.3073,4.679028,15.63031
3.3085,4.552313,15.21124
3.3093,4.425772,14.79258
3.3104,4.341409,14.51339
3.3115,4.214905,14.09459
3.3124,4.130596,13.8154
3.3142,4.004175,13.3966
3.3145,3.919923,13.1174
3.3164,3.793589,12.69862
3.3175,3.709396,12.41943
3.3184,3.583153,12.00063
3.3196,3.499022,11.72143
3.3213,3.372875,11.30263
3.3225,3.288809,11.02343
3.3237,3.162762,10.60463
3.3249,3.078722,10.32529
3.3266,2.95282,9.90665
3.3277,2.868851,9.627327
3.3293,2.74201,9.205169
3.3305,2.659206,8.929473
3.3322,2.533486,8.510676
3.3334,2.449712,8.231502
3.336,2.324112,7.812696
3.3381,2.198545,7.393755
3.339,2.114946,7.11471
3.3415,1.98951,6.695791
3.3432,1.906002,6.416733
3.3449,1.780749,5.997944
3.3469,1.697255,5.718618
3.3496,1.572151,5.299829
3.3512,1.488802,5.020638
3.3534,1.363904,4.602011
3.3557,1.280668,4.32283
3.3587,1.155947,3.90422
3.3606,1.072753,3.624773
3.3643,0.948227,3.206163
3.3663,0.865211,2.926847
3.3697,0.740904,2.508245
3.3724,0.658086,2.229088
3.3769,0.53399,1.810365
3.38,0.451314,1.531076
3.3858,0.327526,1.112358
3.39,0.245126,0.833225
3.3989,0.120491,0.410266
3.4075,0.038516,0.131384
